experiment_id,git_commit,timestamp,dataset,protocol,robustness_setting,optimizer,seed,resolved_seed,hyperparameter_config,perturbation_type,requested_severity,actual_perturbation_rate,actual_perturbation_count,train_accuracy,validation_accuracy,test_accuracy,macro_f1,loss,training_time_seconds,best_validation_epoch,final_epoch,hardware_metadata_path
v2_tuned_cora,d92b453,2026-07-06T04:14:41.067692+00:00,Cora,tuned,training_time,Adam,42,996566636,"{""dropout"": 0.5, ""hidden_channels"": 16, ""learning_rate"": 0.03, ""momentum"": 0.0, ""weight_decay"": 0.0005}",clean,0.0,0.0,0,1.0,0.808,0.8,0.7915299477746346,0.2645615339279175,4.719656966015464,198,200,results/v2/metadata/environment.json
v2_tuned_cora,d92b453,2026-07-06T04:14:44.799751+00:00,Cora,tuned,training_time,Adam,42,281252771,"{""dropout"": 0.5, ""hidden_channels"": 16, ""learning_rate"": 0.03, ""momentum"": 0.0, ""weight_decay"": 0.0005}",feature_masking,0.2,0.19999593628088427,9843,1.0,0.784,0.789,0.7725098118124257,0.26138967275619507,3.5736903809884097,135,200,results/v2/metadata/environment.json
v2_tuned_cora,d92b453,2026-07-06T04:14:48.196997+00:00,Cora,tuned,training_time,Adam,42,1907224710,"{""dropout"": 0.5, ""hidden_channels"": 16, ""learning_rate"": 0.03, ""momentum"": 0.0, ""weight_decay"": 0.0005}",edge_removal,0.2,0.19988632057597575,1055,1.0,0.792,0.79,0.7755098196777216,0.21596039831638336,3.2708595459989738,132,200,results/v2/metadata/environment.json
v2_tuned_cora,d92b453,2026-07-06T04:14:51.380560+00:00,Cora,tuned,training_time,Adam,42,1895434935,"{""dropout"": 0.5, ""hidden_channels"": 16, ""learning_rate"": 0.03, ""momentum"": 0.0, ""weight_decay"": 0.0005}",fake_edge_addition,0.2,0.19988632057597575,1055,1.0,0.746,0.763,0.7581569333989983,0.2512079179286957,3.056732571014436,154,200,results/v2/metadata/environment.json
v2_tuned_cora,d92b453,2026-07-06T04:14:54.225399+00:00,Cora,tuned,training_time,AdamW,42,365888775,"{""dropout"": 0.5, ""hidden_channels"": 16, ""learning_rate"": 0.003, ""momentum"": 0.0, ""weight_decay"": 0.0}",clean,0.0,0.0,0,0.9857142857142858,0.79,0.813,0.8073256507480203,0.45615702867507935,2.7515769510064274,200,200,results/v2/metadata/environment.json
v2_tuned_cora,d92b453,2026-07-06T04:14:57.679492+00:00,Cora,tuned,training_time,AdamW,42,1326758557,"{""dropout"": 0.5, ""hidden_channels"": 16, ""learning_rate"": 0.003, ""momentum"": 0.0, ""weight_decay"": 0.0}",feature_masking,0.2,0.19999593628088427,9843,0.9857142857142858,0.778,0.787,0.7770739478414408,0.5976417064666748,3.3108701820019633,171,200,results/v2/metadata/environment.json
v2_tuned_cora,d92b453,2026-07-06T04:15:01.097989+00:00,Cora,tuned,training_time,AdamW,42,711626500,"{""dropout"": 0.5, ""hidden_channels"": 16, ""learning_rate"": 0.003, ""momentum"": 0.0, ""weight_decay"": 0.0}",edge_removal,0.2,0.19988632057597575,1055,0.9928571428571429,0.762,0.76,0.7488582171502512,0.5388293862342834,3.259912429988617,191,200,results/v2/metadata/environment.json
v2_tuned_cora,d92b453,2026-07-06T04:15:04.389357+00:00,Cora,tuned,training_time,AdamW,42,247624264,"{""dropout"": 0.5, ""hidden_channels"": 16, ""learning_rate"": 0.003, ""momentum"": 0.0, ""weight_decay"": 0.0}",fake_edge_addition,0.2,0.19988632057597575,1055,0.9857142857142858,0.708,0.714,0.708247055231179,0.6640909314155579,3.1414061409886926,200,200,results/v2/metadata/environment.json
v2_tuned_cora,d92b453,2026-07-06T04:15:08.173649+00:00,Cora,tuned,training_time,RMSProp,42,322127511,"{""dropout"": 0.5, ""hidden_channels"": 16, ""learning_rate"": 0.03, ""momentum"": 0.0, ""weight_decay"": 0.0005}",clean,0.0,0.0,0,0.9928571428571429,0.788,0.795,0.7848098951268143,0.31094861030578613,3.6861317500006407,120,200,results/v2/metadata/environment.json
v2_tuned_cora,d92b453,2026-07-06T04:15:11.735145+00:00,Cora,tuned,training_time,RMSProp,42,715021593,"{""dropout"": 0.5, ""hidden_channels"": 16, ""learning_rate"": 0.03, ""momentum"": 0.0, ""weight_decay"": 0.0005}",feature_masking,0.2,0.19999593628088427,9843,0.9642857142857143,0.754,0.769,0.7531049897698081,0.46043527126312256,3.4364502140088007,94,200,results/v2/metadata/environment.json
v2_tuned_cora,d92b453,2026-07-06T04:15:15.306719+00:00,Cora,tuned,training_time,RMSProp,42,1018952924,"{""dropout"": 0.5, ""hidden_channels"": 16, ""learning_rate"": 0.03, ""momentum"": 0.0, ""weight_decay"": 0.0005}",edge_removal,0.2,0.19988632057597575,1055,0.9928571428571429,0.742,0.752,0.7290642107213489,0.4286341965198517,3.462034769996535,121,200,results/v2/metadata/environment.json
v2_tuned_cora,d92b453,2026-07-06T04:15:19.084154+00:00,Cora,tuned,training_time,RMSProp,42,692193864,"{""dropout"": 0.5, ""hidden_channels"": 16, ""learning_rate"": 0.03, ""momentum"": 0.0, ""weight_decay"": 0.0005}",fake_edge_addition,0.2,0.19988632057597575,1055,1.0,0.766,0.76,0.7505783241593871,0.40954408049583435,3.6461347000149544,126,200,results/v2/metadata/environment.json
v2_tuned_cora,d92b453,2026-07-06T04:15:21.979992+00:00,Cora,tuned,training_time,AdaGrad,42,1134455594,"{""dropout"": 0.5, ""hidden_channels"": 16, ""learning_rate"": 0.03, ""momentum"": 0.0, ""weight_decay"": 0.0}",clean,0.0,0.0,0,0.9928571428571429,0.798,0.789,0.7830688414464179,0.401801198720932,2.805530006007757,153,200,results/v2/metadata/environment.json
v2_tuned_cora,d92b453,2026-07-06T04:15:24.876518+00:00,Cora,tuned,training_time,AdaGrad,42,1866727853,"{""dropout"": 0.5, ""hidden_channels"": 16, ""learning_rate"": 0.03, ""momentum"": 0.0, ""weight_decay"": 0.0}",feature_masking,0.2,0.19999593628088427,9843,0.9928571428571429,0.784,0.785,0.7741199207535292,0.4991488456726074,2.779991061979672,136,200,results/v2/metadata/environment.json
v2_tuned_cora,d92b453,2026-07-06T04:15:27.665424+00:00,Cora,tuned,training_time,AdaGrad,42,692381778,"{""dropout"": 0.5, ""hidden_channels"": 16, ""learning_rate"": 0.03, ""momentum"": 0.0, ""weight_decay"": 0.0}",edge_removal,0.2,0.19988632057597575,1055,0.9928571428571429,0.748,0.755,0.7426924466678508,0.32565444707870483,2.6783215969917364,51,200,results/v2/metadata/environment.json
v2_tuned_cora,d92b453,2026-07-06T04:15:30.839532+00:00,Cora,tuned,training_time,AdaGrad,42,466121460,"{""dropout"": 0.5, ""hidden_channels"": 16, ""learning_rate"": 0.03, ""momentum"": 0.0, ""weight_decay"": 0.0}",fake_edge_addition,0.2,0.19988632057597575,1055,0.9928571428571429,0.744,0.725,0.7186835096404085,0.4884718358516693,3.0484360069967806,195,200,results/v2/metadata/environment.json
v2_tuned_cora,d92b453,2026-07-06T04:15:34.455233+00:00,Cora,tuned,training_time,SGD,42,1777849799,"{""dropout"": 0.5, ""hidden_channels"": 16, ""learning_rate"": 0.03, ""momentum"": 0.9, ""weight_decay"": 0.0}",clean,0.0,0.0,0,0.3,0.292,0.28,0.21075825095081427,1.9226998090744019,3.5010035519953817,196,200,results/v2/metadata/environment.json
v2_tuned_cora,d92b453,2026-07-06T04:15:37.491565+00:00,Cora,tuned,training_time,SGD,42,1388770955,"{""dropout"": 0.5, ""hidden_channels"": 16, ""learning_rate"": 0.03, ""momentum"": 0.9, ""weight_decay"": 0.0}",feature_masking,0.2,0.19999593628088427,9843,0.36428571428571427,0.246,0.246,0.2459963287632748,1.9259077310562134,2.9094373040134087,184,200,results/v2/metadata/environment.json
v2_tuned_cora,d92b453,2026-07-06T04:15:40.285697+00:00,Cora,tuned,training_time,SGD,42,77715008,"{""dropout"": 0.5, ""hidden_channels"": 16, ""learning_rate"": 0.03, ""momentum"": 0.9, ""weight_decay"": 0.0}",edge_removal,0.2,0.19988632057597575,1055,0.5357142857142857,0.344,0.347,0.3224939892441285,1.907127857208252,2.686832249019062,164,200,results/v2/metadata/environment.json
v2_tuned_cora,d92b453,2026-07-06T04:15:43.197233+00:00,Cora,tuned,training_time,SGD,42,1242615678,"{""dropout"": 0.5, ""hidden_channels"": 16, ""learning_rate"": 0.03, ""momentum"": 0.9, ""weight_decay"": 0.0}",fake_edge_addition,0.2,0.19988632057597575,1055,0.4857142857142857,0.298,0.305,0.3267386737156514,1.9334228038787842,2.7925867080048192,200,200,results/v2/metadata/environment.json
v2_tuned_cora,d92b453,2026-07-06T04:15:46.118844+00:00,Cora,tuned,training_time,Adam,43,281438178,"{""dropout"": 0.5, ""hidden_channels"": 16, ""learning_rate"": 0.03, ""momentum"": 0.0, ""weight_decay"": 0.0005}",clean,0.0,0.0,0,1.0,0.79,0.809,0.7969319264916486,0.2921411097049713,2.8268514960072935,39,200,results/v2/metadata/environment.json
v2_tuned_cora,d92b453,2026-07-06T04:15:49.279435+00:00,Cora,tuned,training_time,Adam,43,517864625,"{""dropout"": 0.5, ""hidden_channels"": 16, ""learning_rate"": 0.03, ""momentum"": 0.0, ""weight_decay"": 0.0005}",feature_masking,0.2,0.19999593628088427,9843,1.0,0.82,0.808,0.7942781195880241,0.2989691197872162,3.0380126200034283,199,200,results/v2/metadata/environment.json
v2_tuned_cora,d92b453,2026-07-06T04:15:52.255399+00:00,Cora,tuned,training_time,Adam,43,1466733522,"{""dropout"": 0.5, ""hidden_channels"": 16, ""learning_rate"": 0.03, ""momentum"": 0.0, ""weight_decay"": 0.0005}",edge_removal,0.2,0.19988632057597575,1055,1.0,0.788,0.782,0.7715974573895508,0.20319171249866486,2.863502613006858,160,200,results/v2/metadata/environment.json
v2_tuned_cora,d92b453,2026-07-06T04:15:55.328820+00:00,Cora,tuned,training_time,Adam,43,1833678176,"{""dropout"": 0.5, ""hidden_channels"": 16, ""learning_rate"": 0.03, ""momentum"": 0.0, ""weight_decay"": 0.0005}",fake_edge_addition,0.2,0.19988632057597575,1055,1.0,0.752,0.758,0.744559961720154,0.3139873147010803,2.949271975987358,183,200,results/v2/metadata/environment.json
v2_tuned_cora,d92b453,2026-07-06T04:15:58.316443+00:00,Cora,tuned,training_time,AdamW,43,1537940436,"{""dropout"": 0.5, ""hidden_channels"": 16, ""learning_rate"": 0.003, ""momentum"": 0.0, ""weight_decay"": 0.0}",clean,0.0,0.0,0,0.9857142857142858,0.77,0.797,0.7859170288151355,0.5184748768806458,2.884494508005446,187,200,results/v2/metadata/environment.json
v2_tuned_cora,d92b453,2026-07-06T04:16:01.566851+00:00,Cora,tuned,training_time,AdamW,43,510662319,"{""dropout"": 0.5, ""hidden_channels"": 16, ""learning_rate"": 0.003, ""momentum"": 0.0, ""weight_decay"": 0.0}",feature_masking,0.2,0.19999593628088427,9843,0.9928571428571429,0.742,0.776,0.766345687765371,0.5218863487243652,3.138475322019076,126,200,results/v2/metadata/environment.json
v2_tuned_cora,d92b453,2026-07-06T04:16:04.501328+00:00,Cora,tuned,training_time,AdamW,43,1599125067,"{""dropout"": 0.5, ""hidden_channels"": 16, ""learning_rate"": 0.003, ""momentum"": 0.0, ""weight_decay"": 0.0}",edge_removal,0.2,0.19988632057597575,1055,0.9928571428571429,0.76,0.764,0.7515156889975005,0.5207317471504211,2.828021004999755,184,200,results/v2/metadata/environment.json
v2_tuned_cora,d92b453,2026-07-06T04:16:11.333541+00:00,Cora,tuned,training_time,AdamW,43,1626015042,"{""dropout"": 0.5, ""hidden_channels"": 16, ""learning_rate"": 0.003, ""momentum"": 0.0, ""weight_decay"": 0.0}",fake_edge_addition,0.2,0.19988632057597575,1055,0.9928571428571429,0.726,0.757,0.744941243746304,0.5745418667793274,6.673359667998739,152,200,results/v2/metadata/environment.json
v2_tuned_cora,d92b453,2026-07-06T04:16:15.085141+00:00,Cora,tuned,training_time,RMSProp,43,287260261,"{""dropout"": 0.5, ""hidden_channels"": 16, ""learning_rate"": 0.03, ""momentum"": 0.0, ""weight_decay"": 0.0005}",clean,0.0,0.0,0,0.9928571428571429,0.77,0.783,0.7839014508585201,0.45043709874153137,3.6530677219852805,180,200,results/v2/metadata/environment.json
v2_tuned_cora,d92b453,2026-07-06T04:16:18.586702+00:00,Cora,tuned,training_time,RMSProp,43,1022084582,"{""dropout"": 0.5, ""hidden_channels"": 16, ""learning_rate"": 0.03, ""momentum"": 0.0, ""weight_decay"": 0.0005}",feature_masking,0.2,0.19999593628088427,9843,1.0,0.784,0.81,0.8016515169643997,0.3393082022666931,3.3902939279796556,114,200,results/v2/metadata/environment.json
v2_tuned_cora,d92b453,2026-07-06T04:16:22.226018+00:00,Cora,tuned,training_time,RMSProp,43,1978959298,"{""dropout"": 0.5, ""hidden_channels"": 16, ""learning_rate"": 0.03, ""momentum"": 0.0, ""weight_decay"": 0.0005}",edge_removal,0.2,0.19988632057597575,1055,0.9785714285714285,0.714,0.735,0.7065175923464038,0.5184066295623779,3.517558075982379,48,200,results/v2/metadata/environment.json
v2_tuned_cora,d92b453,2026-07-06T04:16:25.944502+00:00,Cora,tuned,training_time,RMSProp,43,1787439616,"{""dropout"": 0.5, ""hidden_channels"": 16, ""learning_rate"": 0.03, ""momentum"": 0.0, ""weight_decay"": 0.0005}",fake_edge_addition,0.2,0.19988632057597575,1055,0.9928571428571429,0.722,0.762,0.7556391363743895,0.44853323698043823,3.604398486990249,149,200,results/v2/metadata/environment.json
v2_tuned_cora,d92b453,2026-07-06T04:16:28.766395+00:00,Cora,tuned,training_time,AdaGrad,43,2089558491,"{""dropout"": 0.5, ""hidden_channels"": 16, ""learning_rate"": 0.03, ""momentum"": 0.0, ""weight_decay"": 0.0}",clean,0.0,0.0,0,1.0,0.768,0.782,0.7782432831351996,0.34660807251930237,2.7195603309955914,76,200,results/v2/metadata/environment.json
v2_tuned_cora,d92b453,2026-07-06T04:16:31.633706+00:00,Cora,tuned,training_time,AdaGrad,43,2035710130,"{""dropout"": 0.5, ""hidden_channels"": 16, ""learning_rate"": 0.03, ""momentum"": 0.0, ""weight_decay"": 0.0}",feature_masking,0.2,0.19999593628088427,9843,0.9928571428571429,0.748,0.76,0.7466268658909562,0.42511698603630066,2.7646972789952997,67,200,results/v2/metadata/environment.json
v2_tuned_cora,d92b453,2026-07-06T04:16:34.474165+00:00,Cora,tuned,training_time,AdaGrad,43,571143387,"{""dropout"": 0.5, ""hidden_channels"": 16, ""learning_rate"": 0.03, ""momentum"": 0.0, ""weight_decay"": 0.0}",edge_removal,0.2,0.19988632057597575,1055,0.9928571428571429,0.782,0.79,0.7761763731957652,0.47657284140586853,2.7071088480006438,67,200,results/v2/metadata/environment.json
v2_tuned_cora,d92b453,2026-07-06T04:16:37.590270+00:00,Cora,tuned,training_time,AdaGrad,43,1103815036,"{""dropout"": 0.5, ""hidden_channels"": 16, ""learning_rate"": 0.03, ""momentum"": 0.0, ""weight_decay"": 0.0}",fake_edge_addition,0.2,0.19988632057597575,1055,0.9928571428571429,0.72,0.766,0.7593583246152508,0.5644052028656006,3.0040937770099845,150,200,results/v2/metadata/environment.json
v2_tuned_cora,d92b453,2026-07-06T04:16:40.413456+00:00,Cora,tuned,training_time,SGD,43,410980366,"{""dropout"": 0.5, ""hidden_channels"": 16, ""learning_rate"": 0.03, ""momentum"": 0.9, ""weight_decay"": 0.0}",clean,0.0,0.0,0,0.3,0.292,0.301,0.21536160445616775,1.9394636154174805,2.72128009001608,171,200,results/v2/metadata/environment.json
v2_tuned_cora,d92b453,2026-07-06T04:16:43.289200+00:00,Cora,tuned,training_time,SGD,43,167177018,"{""dropout"": 0.5, ""hidden_channels"": 16, ""learning_rate"": 0.03, ""momentum"": 0.9, ""weight_decay"": 0.0}",feature_masking,0.2,0.19999593628088427,9843,0.3357142857142857,0.184,0.189,0.17474855881744708,1.9314630031585693,2.7737501870142296,185,200,results/v2/metadata/environment.json
v2_tuned_cora,d92b453,2026-07-06T04:16:46.272952+00:00,Cora,tuned,training_time,SGD,43,1451964991,"{""dropout"": 0.5, ""hidden_channels"": 16, ""learning_rate"": 0.03, ""momentum"": 0.9, ""weight_decay"": 0.0}",edge_removal,0.2,0.19988632057597575,1055,0.2714285714285714,0.198,0.219,0.17916407569324821,1.928946614265442,2.849241157004144,137,200,results/v2/metadata/environment.json
v2_tuned_cora,d92b453,2026-07-06T04:16:49.828829+00:00,Cora,tuned,training_time,SGD,43,2106942183,"{""dropout"": 0.5, ""hidden_channels"": 16, ""learning_rate"": 0.03, ""momentum"": 0.9, ""weight_decay"": 0.0}",fake_edge_addition,0.2,0.19988632057597575,1055,0.38571428571428573,0.24,0.219,0.2148415585317013,1.928653597831726,3.41005805900204,165,200,results/v2/metadata/environment.json
v2_tuned_cora,d92b453,2026-07-06T04:16:52.754903+00:00,Cora,tuned,training_time,Adam,44,1421327944,"{""dropout"": 0.5, ""hidden_channels"": 16, ""learning_rate"": 0.03, ""momentum"": 0.0, ""weight_decay"": 0.0005}",clean,0.0,0.0,0,1.0,0.782,0.81,0.7965409187165671,0.19381964206695557,2.817627434997121,176,200,results/v2/metadata/environment.json
v2_tuned_cora,d92b453,2026-07-06T04:16:55.593310+00:00,Cora,tuned,training_time,Adam,44,1230641380,"{""dropout"": 0.5, ""hidden_channels"": 16, ""learning_rate"": 0.03, ""momentum"": 0.0, ""weight_decay"": 0.0005}",feature_masking,0.2,0.19999593628088427,9843,1.0,0.762,0.786,0.7756118425189336,0.25240638852119446,2.736350881983526,40,200,results/v2/metadata/environment.json
v2_tuned_cora,d92b453,2026-07-06T04:16:58.459915+00:00,Cora,tuned,training_time,Adam,44,2091575701,"{""dropout"": 0.5, ""hidden_channels"": 16, ""learning_rate"": 0.03, ""momentum"": 0.0, ""weight_decay"": 0.0005}",edge_removal,0.2,0.19988632057597575,1055,1.0,0.754,0.787,0.7775646401715685,0.2737489640712738,2.7399318859970663,124,200,results/v2/metadata/environment.json
v2_tuned_cora,d92b453,2026-07-06T04:17:01.825584+00:00,Cora,tuned,training_time,Adam,44,2144771124,"{""dropout"": 0.5, ""hidden_channels"": 16, ""learning_rate"": 0.03, ""momentum"": 0.0, ""weight_decay"": 0.0005}",fake_edge_addition,0.2,0.19988632057597575,1055,1.0,0.758,0.77,0.7601113870810903,0.33367109298706055,3.254940404003719,66,200,results/v2/metadata/environment.json
v2_tuned_cora,d92b453,2026-07-06T04:17:04.786817+00:00,Cora,tuned,training_time,AdamW,44,681280966,"{""dropout"": 0.5, ""hidden_channels"": 16, ""learning_rate"": 0.003, ""momentum"": 0.0, ""weight_decay"": 0.0}",clean,0.0,0.0,0,0.9857142857142858,0.784,0.805,0.7972872347804331,0.540160596370697,2.8575300390075427,195,200,results/v2/metadata/environment.json
v2_tuned_cora,d92b453,2026-07-06T04:17:07.740698+00:00,Cora,tuned,training_time,AdamW,44,30701057,"{""dropout"": 0.5, ""hidden_channels"": 16, ""learning_rate"": 0.003, ""momentum"": 0.0, ""weight_decay"": 0.0}",feature_masking,0.2,0.19999593628088427,9843,0.9857142857142858,0.754,0.767,0.7629622258310346,0.5961565375328064,2.8518150029995013,177,200,results/v2/metadata/environment.json
v2_tuned_cora,d92b453,2026-07-06T04:17:10.486714+00:00,Cora,tuned,training_time,AdamW,44,504928113,"{""dropout"": 0.5, ""hidden_channels"": 16, ""learning_rate"": 0.003, ""momentum"": 0.0, ""weight_decay"": 0.0}",edge_removal,0.2,0.19988632057597575,1055,0.9928571428571429,0.758,0.788,0.7779865118588845,0.5197998881340027,2.631123806000687,176,200,results/v2/metadata/environment.json
v2_tuned_cora,d92b453,2026-07-06T04:17:13.909609+00:00,Cora,tuned,training_time,AdamW,44,1430748190,"{""dropout"": 0.5, ""hidden_channels"": 16, ""learning_rate"": 0.003, ""momentum"": 0.0, ""weight_decay"": 0.0}",fake_edge_addition,0.2,0.19988632057597575,1055,0.9785714285714285,0.718,0.737,0.7234303580425042,0.5943137407302856,3.304626219003694,114,200,results/v2/metadata/environment.json
v2_tuned_cora,d92b453,2026-07-06T04:17:17.480822+00:00,Cora,tuned,training_time,RMSProp,44,1671434210,"{""dropout"": 0.5, ""hidden_channels"": 16, ""learning_rate"": 0.03, ""momentum"": 0.0, ""weight_decay"": 0.0005}",clean,0.0,0.0,0,1.0,0.748,0.761,0.7644736818623941,0.34800955653190613,3.4669416419928893,51,200,results/v2/metadata/environment.json
v2_tuned_cora,d92b453,2026-07-06T04:17:21.104042+00:00,Cora,tuned,training_time,RMSProp,44,1501696561,"{""dropout"": 0.5, ""hidden_channels"": 16, ""learning_rate"": 0.03, ""momentum"": 0.0, ""weight_decay"": 0.0005}",feature_masking,0.2,0.19999593628088427,9843,0.9785714285714285,0.726,0.752,0.7513184354102741,0.5187877416610718,3.5166161759989336,152,200,results/v2/metadata/environment.json
v2_tuned_cora,d92b453,2026-07-06T04:17:25.341562+00:00,Cora,tuned,training_time,RMSProp,44,302594523,"{""dropout"": 0.5, ""hidden_channels"": 16, ""learning_rate"": 0.03, ""momentum"": 0.0, ""weight_decay"": 0.0005}",edge_removal,0.2,0.19988632057597575,1055,1.0,0.758,0.79,0.7756236050494794,0.30836546421051025,4.123286899004597,53,200,results/v2/metadata/environment.json
v2_tuned_cora,d92b453,2026-07-06T04:17:29.193201+00:00,Cora,tuned,training_time,RMSProp,44,1429822675,"{""dropout"": 0.5, ""hidden_channels"": 16, ""learning_rate"": 0.03, ""momentum"": 0.0, ""weight_decay"": 0.0005}",fake_edge_addition,0.2,0.19988632057597575,1055,0.9785714285714285,0.724,0.727,0.7067598758413448,0.5256878137588501,3.739405928994529,184,200,results/v2/metadata/environment.json
v2_tuned_cora,d92b453,2026-07-06T04:17:31.983482+00:00,Cora,tuned,training_time,AdaGrad,44,747535338,"{""dropout"": 0.5, ""hidden_channels"": 16, ""learning_rate"": 0.03, ""momentum"": 0.0, ""weight_decay"": 0.0}",clean,0.0,0.0,0,0.9928571428571429,0.756,0.787,0.7783633866787051,0.34102821350097656,2.694720834988402,94,200,results/v2/metadata/environment.json
v2_tuned_cora,d92b453,2026-07-06T04:17:35.067637+00:00,Cora,tuned,training_time,AdaGrad,44,427247476,"{""dropout"": 0.5, ""hidden_channels"": 16, ""learning_rate"": 0.03, ""momentum"": 0.0, ""weight_decay"": 0.0}",feature_masking,0.2,0.19999593628088427,9843,0.9857142857142858,0.77,0.775,0.7698120580016786,0.5038467049598694,2.967315977992257,164,200,results/v2/metadata/environment.json
v2_tuned_cora,d92b453,2026-07-06T04:17:40.424049+00:00,Cora,tuned,training_time,AdaGrad,44,998531702,"{""dropout"": 0.5, ""hidden_channels"": 16, ""learning_rate"": 0.03, ""momentum"": 0.0, ""weight_decay"": 0.0}",edge_removal,0.2,0.19988632057597575,1055,1.0,0.764,0.787,0.7737741792418733,0.31384071707725525,5.2196005130244885,177,200,results/v2/metadata/environment.json
v2_tuned_cora,d92b453,2026-07-06T04:17:45.427694+00:00,Cora,tuned,training_time,AdaGrad,44,1594310722,"{""dropout"": 0.5, ""hidden_channels"": 16, ""learning_rate"": 0.03, ""momentum"": 0.0, ""weight_decay"": 0.0}",fake_edge_addition,0.2,0.19988632057597575,1055,0.9928571428571429,0.74,0.753,0.7431060714881644,0.4867708384990692,4.820053925999673,153,200,results/v2/metadata/environment.json
v2_tuned_cora,d92b453,2026-07-06T04:17:48.244318+00:00,Cora,tuned,training_time,SGD,44,818681413,"{""dropout"": 0.5, ""hidden_channels"": 16, ""learning_rate"": 0.03, ""momentum"": 0.9, ""weight_decay"": 0.0}",clean,0.0,0.0,0,0.29285714285714287,0.218,0.225,0.1961801782820966,1.933348536491394,2.7109240680001676,3,200,results/v2/metadata/environment.json
v2_tuned_cora,d92b453,2026-07-06T04:17:51.040397+00:00,Cora,tuned,training_time,SGD,44,454533515,"{""dropout"": 0.5, ""hidden_channels"": 16, ""learning_rate"": 0.03, ""momentum"": 0.9, ""weight_decay"": 0.0}",feature_masking,0.2,0.19999593628088427,9843,0.2857142857142857,0.228,0.212,0.18825815587623293,1.9401397705078125,2.6962013020238373,109,200,results/v2/metadata/environment.json
v2_tuned_cora,d92b453,2026-07-06T04:17:53.762890+00:00,Cora,tuned,training_time,SGD,44,1783164622,"{""dropout"": 0.5, ""hidden_channels"": 16, ""learning_rate"": 0.03, ""momentum"": 0.9, ""weight_decay"": 0.0}",edge_removal,0.2,0.19988632057597575,1055,0.24285714285714285,0.186,0.181,0.15029481256343155,1.9222291707992554,2.606832196994219,162,200,results/v2/metadata/environment.json
v2_tuned_cora,d92b453,2026-07-06T04:17:56.910512+00:00,Cora,tuned,training_time,SGD,44,635436018,"{""dropout"": 0.5, ""hidden_channels"": 16, ""learning_rate"": 0.03, ""momentum"": 0.9, ""weight_decay"": 0.0}",fake_edge_addition,0.2,0.19988632057597575,1055,0.34285714285714286,0.286,0.277,0.2390756000642196,1.936920166015625,3.0332322259782813,164,200,results/v2/metadata/environment.json
v2_tuned_cora,d92b453,2026-07-06T04:18:00.647021+00:00,Cora,tuned,training_time,Adam,45,1325033956,"{""dropout"": 0.5, ""hidden_channels"": 16, ""learning_rate"": 0.03, ""momentum"": 0.0, ""weight_decay"": 0.0005}",clean,0.0,0.0,0,1.0,0.792,0.811,0.8025029138066545,0.21345128118991852,3.6320789720048197,165,200,results/v2/metadata/environment.json
v2_tuned_cora,d92b453,2026-07-06T04:18:03.972545+00:00,Cora,tuned,training_time,Adam,45,120107285,"{""dropout"": 0.5, ""hidden_channels"": 16, ""learning_rate"": 0.03, ""momentum"": 0.0, ""weight_decay"": 0.0005}",feature_masking,0.2,0.19999593628088427,9843,1.0,0.766,0.791,0.7807951452201314,0.2858181595802307,3.2203251799801365,178,200,results/v2/metadata/environment.json
v2_tuned_cora,d92b453,2026-07-06T04:18:06.947129+00:00,Cora,tuned,training_time,Adam,45,127568511,"{""dropout"": 0.5, ""hidden_channels"": 16, ""learning_rate"": 0.03, ""momentum"": 0.0, ""weight_decay"": 0.0005}",edge_removal,0.2,0.19988632057597575,1055,1.0,0.776,0.801,0.7872885636081153,0.2394644021987915,2.84778213701793,39,200,results/v2/metadata/environment.json
v2_tuned_cora,d92b453,2026-07-06T04:18:09.986377+00:00,Cora,tuned,training_time,Adam,45,211537418,"{""dropout"": 0.5, ""hidden_channels"": 16, ""learning_rate"": 0.03, ""momentum"": 0.0, ""weight_decay"": 0.0005}",fake_edge_addition,0.2,0.19988632057597575,1055,1.0,0.764,0.764,0.757607534447252,0.26959776878356934,2.923590594000416,185,200,results/v2/metadata/environment.json
v2_tuned_cora,d92b453,2026-07-06T04:18:12.876932+00:00,Cora,tuned,training_time,AdamW,45,736760967,"{""dropout"": 0.5, ""hidden_channels"": 16, ""learning_rate"": 0.003, ""momentum"": 0.0, ""weight_decay"": 0.0}",clean,0.0,0.0,0,0.9857142857142858,0.784,0.785,0.7781906206248036,0.5181744694709778,2.7887787939980626,141,200,results/v2/metadata/environment.json
v2_tuned_cora,d92b453,2026-07-06T04:18:15.819280+00:00,Cora,tuned,training_time,AdamW,45,102384897,"{""dropout"": 0.5, ""hidden_channels"": 16, ""learning_rate"": 0.003, ""momentum"": 0.0, ""weight_decay"": 0.0}",feature_masking,0.2,0.19999593628088427,9843,0.9928571428571429,0.758,0.775,0.7667438768677839,0.5115185379981995,2.8371810620010365,180,200,results/v2/metadata/environment.json
v2_tuned_cora,d92b453,2026-07-06T04:18:18.725489+00:00,Cora,tuned,training_time,AdamW,45,190549299,"{""dropout"": 0.5, ""hidden_channels"": 16, ""learning_rate"": 0.003, ""momentum"": 0.0, ""weight_decay"": 0.0}",edge_removal,0.2,0.19988632057597575,1055,0.9928571428571429,0.764,0.791,0.781897820347003,0.5158444046974182,2.789566769992234,85,200,results/v2/metadata/environment.json
v2_tuned_cora,d92b453,2026-07-06T04:18:23.553422+00:00,Cora,tuned,training_time,AdamW,45,1184286084,"{""dropout"": 0.5, ""hidden_channels"": 16, ""learning_rate"": 0.003, ""momentum"": 0.0, ""weight_decay"": 0.0}",fake_edge_addition,0.2,0.19988632057597575,1055,0.9857142857142858,0.744,0.722,0.7144011519571635,0.6311080455780029,4.701112637994811,194,200,results/v2/metadata/environment.json
v2_tuned_cora,d92b453,2026-07-06T04:18:27.393939+00:00,Cora,tuned,training_time,RMSProp,45,166588178,"{""dropout"": 0.5, ""hidden_channels"": 16, ""learning_rate"": 0.03, ""momentum"": 0.0, ""weight_decay"": 0.0005}",clean,0.0,0.0,0,0.9928571428571429,0.79,0.801,0.7846622442698334,0.3636719286441803,3.726163795014145,119,200,results/v2/metadata/environment.json
v2_tuned_cora,d92b453,2026-07-06T04:18:31.039380+00:00,Cora,tuned,training_time,RMSProp,45,1720310632,"{""dropout"": 0.5, ""hidden_channels"": 16, ""learning_rate"": 0.03, ""momentum"": 0.0, ""weight_decay"": 0.0005}",feature_masking,0.2,0.19999593628088427,9843,0.9928571428571429,0.74,0.769,0.7542077939583989,0.5123541355133057,3.5387316739943344,91,200,results/v2/metadata/environment.json
v2_tuned_cora,d92b453,2026-07-06T04:18:35.172840+00:00,Cora,tuned,training_time,RMSProp,45,830252146,"{""dropout"": 0.5, ""hidden_channels"": 16, ""learning_rate"": 0.03, ""momentum"": 0.0, ""weight_decay"": 0.0005}",edge_removal,0.2,0.19988632057597575,1055,1.0,0.786,0.791,0.7778130158419543,0.37914910912513733,3.979587605019333,58,200,results/v2/metadata/environment.json
v2_tuned_cora,d92b453,2026-07-06T04:18:39.489264+00:00,Cora,tuned,training_time,RMSProp,45,568705060,"{""dropout"": 0.5, ""hidden_channels"": 16, ""learning_rate"": 0.03, ""momentum"": 0.0, ""weight_decay"": 0.0005}",fake_edge_addition,0.2,0.19988632057597575,1055,0.9928571428571429,0.668,0.709,0.693890717532681,0.6553434133529663,4.041258317010943,168,200,results/v2/metadata/environment.json
v2_tuned_cora,d92b453,2026-07-06T04:18:42.293201+00:00,Cora,tuned,training_time,AdaGrad,45,280245793,"{""dropout"": 0.5, ""hidden_channels"": 16, ""learning_rate"": 0.03, ""momentum"": 0.0, ""weight_decay"": 0.0}",clean,0.0,0.0,0,0.9928571428571429,0.774,0.78,0.7774682675827893,0.34488338232040405,2.702940421004314,142,200,results/v2/metadata/environment.json
v2_tuned_cora,d92b453,2026-07-06T04:18:45.131477+00:00,Cora,tuned,training_time,AdaGrad,45,145231172,"{""dropout"": 0.5, ""hidden_channels"": 16, ""learning_rate"": 0.03, ""momentum"": 0.0, ""weight_decay"": 0.0}",feature_masking,0.2,0.19999593628088427,9843,1.0,0.762,0.78,0.7702856320800066,0.4448012113571167,2.7328323200054,195,200,results/v2/metadata/environment.json
v2_tuned_cora,d92b453,2026-07-06T04:18:47.973864+00:00,Cora,tuned,training_time,AdaGrad,45,344218274,"{""dropout"": 0.5, ""hidden_channels"": 16, ""learning_rate"": 0.03, ""momentum"": 0.0, ""weight_decay"": 0.0}",edge_removal,0.2,0.19988632057597575,1055,0.9785714285714285,0.784,0.782,0.7669525089710084,0.3177320957183838,2.722396279015811,71,200,results/v2/metadata/environment.json
v2_tuned_cora,d92b453,2026-07-06T04:18:51.107078+00:00,Cora,tuned,training_time,AdaGrad,45,1887558680,"{""dropout"": 0.5, ""hidden_channels"": 16, ""learning_rate"": 0.03, ""momentum"": 0.0, ""weight_decay"": 0.0}",fake_edge_addition,0.2,0.19988632057597575,1055,0.9928571428571429,0.748,0.734,0.7278888562921271,0.5562662482261658,3.020715160993859,146,200,results/v2/metadata/environment.json
v2_tuned_cora,d92b453,2026-07-06T04:18:53.975415+00:00,Cora,tuned,training_time,SGD,45,63425322,"{""dropout"": 0.5, ""hidden_channels"": 16, ""learning_rate"": 0.03, ""momentum"": 0.9, ""weight_decay"": 0.0}",clean,0.0,0.0,0,0.37142857142857144,0.388,0.344,0.29260289078691354,1.9167811870574951,2.7657482850190718,131,200,results/v2/metadata/environment.json
v2_tuned_cora,d92b453,2026-07-06T04:18:56.877165+00:00,Cora,tuned,training_time,SGD,45,1691400169,"{""dropout"": 0.5, ""hidden_channels"": 16, ""learning_rate"": 0.03, ""momentum"": 0.9, ""weight_decay"": 0.0}",feature_masking,0.2,0.19999593628088427,9843,0.37142857142857144,0.234,0.21,0.17716049888846236,1.9217489957809448,2.7882335990143474,116,200,results/v2/metadata/environment.json
v2_tuned_cora,d92b453,2026-07-06T04:18:59.683952+00:00,Cora,tuned,training_time,SGD,45,1717465987,"{""dropout"": 0.5, ""hidden_channels"": 16, ""learning_rate"": 0.03, ""momentum"": 0.9, ""weight_decay"": 0.0}",edge_removal,0.2,0.19988632057597575,1055,0.4142857142857143,0.352,0.307,0.29775459159241346,1.9209638833999634,2.6903754099912476,193,200,results/v2/metadata/environment.json
v2_tuned_cora,d92b453,2026-07-06T04:19:03.047414+00:00,Cora,tuned,training_time,SGD,45,2069287843,"{""dropout"": 0.5, ""hidden_channels"": 16, ""learning_rate"": 0.03, ""momentum"": 0.9, ""weight_decay"": 0.0}",fake_edge_addition,0.2,0.19988632057597575,1055,0.36428571428571427,0.226,0.241,0.25698709792910784,1.9348920583724976,3.2540690469904803,189,200,results/v2/metadata/environment.json
v2_tuned_cora,d92b453,2026-07-06T04:19:05.979128+00:00,Cora,tuned,training_time,Adam,46,1059319880,"{""dropout"": 0.5, ""hidden_channels"": 16, ""learning_rate"": 0.03, ""momentum"": 0.0, ""weight_decay"": 0.0005}",clean,0.0,0.0,0,1.0,0.794,0.802,0.791666032576034,0.24367637932300568,2.831523967994144,198,200,results/v2/metadata/environment.json
v2_tuned_cora,d92b453,2026-07-06T04:19:09.056432+00:00,Cora,tuned,training_time,Adam,46,2106576968,"{""dropout"": 0.5, ""hidden_channels"": 16, ""learning_rate"": 0.03, ""momentum"": 0.0, ""weight_decay"": 0.0005}",feature_masking,0.2,0.19999593628088427,9843,1.0,0.762,0.782,0.7720282124665406,0.3185526728630066,2.961863161996007,192,200,results/v2/metadata/environment.json
v2_tuned_cora,d92b453,2026-07-06T04:19:12.606284+00:00,Cora,tuned,training_time,Adam,46,1274414127,"{""dropout"": 0.5, ""hidden_channels"": 16, ""learning_rate"": 0.03, ""momentum"": 0.0, ""weight_decay"": 0.0005}",edge_removal,0.2,0.19988632057597575,1055,1.0,0.784,0.797,0.7819773009459906,0.2101905792951584,3.433563144004438,48,200,results/v2/metadata/environment.json
v2_tuned_cora,d92b453,2026-07-06T04:19:15.660028+00:00,Cora,tuned,training_time,Adam,46,1310372021,"{""dropout"": 0.5, ""hidden_channels"": 16, ""learning_rate"": 0.03, ""momentum"": 0.0, ""weight_decay"": 0.0005}",fake_edge_addition,0.2,0.19988632057597575,1055,1.0,0.724,0.779,0.7697043864383248,0.25856465101242065,2.9426008590089623,128,200,results/v2/metadata/environment.json
v2_tuned_cora,d92b453,2026-07-06T04:19:18.597006+00:00,Cora,tuned,training_time,AdamW,46,1819566519,"{""dropout"": 0.5, ""hidden_channels"": 16, ""learning_rate"": 0.003, ""momentum"": 0.0, ""weight_decay"": 0.0}",clean,0.0,0.0,0,0.9928571428571429,0.764,0.797,0.7885714877017719,0.5134620070457458,2.8341277519939467,162,200,results/v2/metadata/environment.json
v2_tuned_cora,d92b453,2026-07-06T04:19:21.536542+00:00,Cora,tuned,training_time,AdamW,46,516980390,"{""dropout"": 0.5, ""hidden_channels"": 16, ""learning_rate"": 0.003, ""momentum"": 0.0, ""weight_decay"": 0.0}",feature_masking,0.2,0.19999593628088427,9843,0.9785714285714285,0.764,0.786,0.7736759250371611,0.5956023931503296,2.8342828020104207,165,200,results/v2/metadata/environment.json
v2_tuned_cora,d92b453,2026-07-06T04:19:24.328081+00:00,Cora,tuned,training_time,AdamW,46,91578851,"{""dropout"": 0.5, ""hidden_channels"": 16, ""learning_rate"": 0.003, ""momentum"": 0.0, ""weight_decay"": 0.0}",edge_removal,0.2,0.19988632057597575,1055,0.9928571428571429,0.776,0.774,0.7618811114626419,0.5121884346008301,2.6748304030043073,191,200,results/v2/metadata/environment.json
v2_tuned_cora,d92b453,2026-07-06T04:19:27.371544+00:00,Cora,tuned,training_time,AdamW,46,1644329635,"{""dropout"": 0.5, ""hidden_channels"": 16, ""learning_rate"": 0.003, ""momentum"": 0.0, ""weight_decay"": 0.0}",fake_edge_addition,0.2,0.19988632057597575,1055,0.9928571428571429,0.726,0.746,0.7410022924374658,0.5959377288818359,2.933499106002273,180,200,results/v2/metadata/environment.json
v2_tuned_cora,d92b453,2026-07-06T04:19:31.084880+00:00,Cora,tuned,training_time,RMSProp,46,1586845375,"{""dropout"": 0.5, ""hidden_channels"": 16, ""learning_rate"": 0.03, ""momentum"": 0.0, ""weight_decay"": 0.0005}",clean,0.0,0.0,0,1.0,0.782,0.772,0.7715602204943979,0.37089163064956665,3.6066560479812324,77,200,results/v2/metadata/environment.json
v2_tuned_cora,d92b453,2026-07-06T04:19:34.683290+00:00,Cora,tuned,training_time,RMSProp,46,1399977870,"{""dropout"": 0.5, ""hidden_channels"": 16, ""learning_rate"": 0.03, ""momentum"": 0.0, ""weight_decay"": 0.0005}",feature_masking,0.2,0.19999593628088427,9843,1.0,0.772,0.788,0.7775489287985844,0.44895127415657043,3.4896020570013206,98,200,results/v2/metadata/environment.json
v2_tuned_cora,d92b453,2026-07-06T04:19:40.271922+00:00,Cora,tuned,training_time,RMSProp,46,1912335213,"{""dropout"": 0.5, ""hidden_channels"": 16, ""learning_rate"": 0.03, ""momentum"": 0.0, ""weight_decay"": 0.0005}",edge_removal,0.2,0.19988632057597575,1055,0.9928571428571429,0.742,0.745,0.7393686677059702,0.6579256057739258,5.443588372989325,167,200,results/v2/metadata/environment.json
v2_tuned_cora,d92b453,2026-07-06T04:19:44.385435+00:00,Cora,tuned,training_time,RMSProp,46,1255204271,"{""dropout"": 0.5, ""hidden_channels"": 16, ""learning_rate"": 0.03, ""momentum"": 0.0, ""weight_decay"": 0.0005}",fake_edge_addition,0.2,0.19988632057597575,1055,1.0,0.734,0.77,0.75516031434332,0.5572625994682312,3.938550974999089,150,200,results/v2/metadata/environment.json
v2_tuned_cora,d92b453,2026-07-06T04:19:47.205276+00:00,Cora,tuned,training_time,AdaGrad,46,1537046688,"{""dropout"": 0.5, ""hidden_channels"": 16, ""learning_rate"": 0.03, ""momentum"": 0.0, ""weight_decay"": 0.0}",clean,0.0,0.0,0,0.9928571428571429,0.774,0.795,0.7864304540492358,0.4072040319442749,2.730266061000293,167,200,results/v2/metadata/environment.json
v2_tuned_cora,d92b453,2026-07-06T04:19:50.870620+00:00,Cora,tuned,training_time,AdaGrad,46,920472132,"{""dropout"": 0.5, ""hidden_channels"": 16, ""learning_rate"": 0.03, ""momentum"": 0.0, ""weight_decay"": 0.0}",feature_masking,0.2,0.19999593628088427,9843,0.9857142857142858,0.734,0.762,0.7508787190705607,0.6859372854232788,3.519216310000047,189,200,results/v2/metadata/environment.json
v2_tuned_cora,d92b453,2026-07-06T04:19:53.691437+00:00,Cora,tuned,training_time,AdaGrad,46,1224095868,"{""dropout"": 0.5, ""hidden_channels"": 16, ""learning_rate"": 0.03, ""momentum"": 0.0, ""weight_decay"": 0.0}",edge_removal,0.2,0.19988632057597575,1055,1.0,0.738,0.756,0.7434258755112533,0.4011472463607788,2.71428870598902,121,200,results/v2/metadata/environment.json
v2_tuned_cora,d92b453,2026-07-06T04:19:56.783917+00:00,Cora,tuned,training_time,AdaGrad,46,301639884,"{""dropout"": 0.5, ""hidden_channels"": 16, ""learning_rate"": 0.03, ""momentum"": 0.0, ""weight_decay"": 0.0}",fake_edge_addition,0.2,0.19988632057597575,1055,0.9928571428571429,0.728,0.754,0.7457270408955082,0.5532471537590027,2.9747401170025114,31,200,results/v2/metadata/environment.json
v2_tuned_cora,d92b453,2026-07-06T04:19:59.530435+00:00,Cora,tuned,training_time,SGD,46,889919874,"{""dropout"": 0.5, ""hidden_channels"": 16, ""learning_rate"": 0.03, ""momentum"": 0.9, ""weight_decay"": 0.0}",clean,0.0,0.0,0,0.34285714285714286,0.256,0.234,0.21977953423844573,1.9216818809509277,2.658481368009234,176,200,results/v2/metadata/environment.json
v2_tuned_cora,d92b453,2026-07-06T04:20:02.672839+00:00,Cora,tuned,training_time,SGD,46,1154183574,"{""dropout"": 0.5, ""hidden_channels"": 16, ""learning_rate"": 0.03, ""momentum"": 0.9, ""weight_decay"": 0.0}",feature_masking,0.2,0.19999593628088427,9843,0.2,0.156,0.186,0.13718903399408483,1.9316166639328003,3.0287994910031557,181,200,results/v2/metadata/environment.json
v2_tuned_cora,d92b453,2026-07-06T04:20:05.444618+00:00,Cora,tuned,training_time,SGD,46,980480983,"{""dropout"": 0.5, ""hidden_channels"": 16, ""learning_rate"": 0.03, ""momentum"": 0.9, ""weight_decay"": 0.0}",edge_removal,0.2,0.19988632057597575,1055,0.4928571428571429,0.336,0.324,0.29185633218558155,1.9246786832809448,2.66545304300962,192,200,results/v2/metadata/environment.json
v2_tuned_cora,d92b453,2026-07-06T04:20:08.514067+00:00,Cora,tuned,training_time,SGD,46,1564638130,"{""dropout"": 0.5, ""hidden_channels"": 16, ""learning_rate"": 0.03, ""momentum"": 0.9, ""weight_decay"": 0.0}",fake_edge_addition,0.2,0.19988632057597575,1055,0.34285714285714286,0.25,0.228,0.21271468279092934,1.919716715812683,2.94583228402189,167,200,results/v2/metadata/environment.json
