optimizer,epoch,n_seeds,mean_gradient_l2_norm,std_gradient_l2_norm,mean_train_loss,mean_validation_loss,mean_validation_accuracy
AdaGrad,1,10,0.061988,0.010871,1.945646,1.942793,0.2424
AdaGrad,2,10,0.060588,0.010528,1.939857,1.939329,0.3688
AdaGrad,3,10,0.139381,0.030061,1.933512,1.935957,0.3768
AdaGrad,4,10,0.083218,0.02403,1.925949,1.932069,0.5334
AdaGrad,5,10,0.079605,0.016372,1.918639,1.929345,0.5602
AdaGrad,6,10,0.08752,0.019064,1.9125,1.925731,0.6242
AdaGrad,7,10,0.077557,0.016041,1.907132,1.923018,0.646
AdaGrad,8,10,0.083869,0.025873,1.901477,1.919509,0.6696
AdaGrad,9,10,0.077907,0.008988,1.89691,1.917734,0.6782
AdaGrad,10,10,0.073554,0.012266,1.890858,1.915051,0.6822
AdaGrad,11,10,0.071782,0.008232,1.88643,1.912609,0.695
AdaGrad,12,10,0.074732,0.011064,1.882523,1.909879,0.7064
AdaGrad,13,10,0.077903,0.015133,1.876861,1.907509,0.701
AdaGrad,14,10,0.082099,0.018037,1.871561,1.905642,0.695
AdaGrad,15,10,0.074956,0.009559,1.868128,1.903268,0.7044
AdaGrad,16,10,0.080748,0.011223,1.86205,1.900979,0.7092
AdaGrad,17,10,0.074936,0.009716,1.859836,1.898413,0.7126
AdaGrad,18,10,0.074643,0.012764,1.855722,1.896466,0.7132
AdaGrad,19,10,0.080278,0.013177,1.850839,1.894469,0.7102
AdaGrad,20,10,0.082326,0.008945,1.846541,1.892247,0.7176
AdaGrad,21,10,0.077466,0.007948,1.843871,1.890009,0.7192
AdaGrad,22,10,0.078744,0.014813,1.839771,1.888078,0.7246
AdaGrad,23,10,0.076928,0.00886,1.836106,1.886302,0.7256
AdaGrad,24,10,0.08412,0.008048,1.830702,1.88413,0.7228
AdaGrad,25,10,0.083702,0.019127,1.826375,1.882389,0.7202
AdaGrad,26,10,0.079325,0.009074,1.824286,1.88017,0.7216
AdaGrad,27,10,0.086602,0.014962,1.823377,1.878687,0.7242
AdaGrad,28,10,0.084525,0.008942,1.817668,1.87667,0.723
AdaGrad,29,10,0.086455,0.015638,1.814644,1.874903,0.7232
AdaGrad,30,10,0.085294,0.01224,1.810469,1.872882,0.7236
AdaGrad,31,10,0.08506,0.010636,1.805537,1.871236,0.7198
AdaGrad,32,10,0.089316,0.015184,1.801894,1.869319,0.7188
AdaGrad,33,10,0.085064,0.010059,1.800006,1.867502,0.7246
AdaGrad,34,10,0.083897,0.010983,1.796212,1.865531,0.7254
AdaGrad,35,10,0.08819,0.010761,1.791975,1.863783,0.7268
AdaGrad,36,10,0.089696,0.010737,1.786843,1.862018,0.7246
AdaGrad,37,10,0.092525,0.009077,1.78609,1.860442,0.7266
AdaGrad,38,10,0.089166,0.008517,1.782965,1.858519,0.7304
AdaGrad,39,10,0.090803,0.014749,1.781649,1.856993,0.73
AdaGrad,40,10,0.090332,0.015306,1.774717,1.854949,0.7304
AdaGrad,41,10,0.084041,0.007941,1.77249,1.85356,0.7286
AdaGrad,42,10,0.093719,0.006192,1.769046,1.851992,0.7286
AdaGrad,43,10,0.094553,0.015457,1.765455,1.850496,0.726
AdaGrad,44,10,0.089242,0.00987,1.763461,1.848572,0.733
AdaGrad,45,10,0.094498,0.008582,1.760152,1.846453,0.7352
AdaGrad,46,10,0.087723,0.012056,1.758427,1.845032,0.736
AdaGrad,47,10,0.088244,0.010813,1.755282,1.843512,0.7344
AdaGrad,48,10,0.091732,0.007891,1.75314,1.84164,0.7366
AdaGrad,49,10,0.094457,0.011464,1.74971,1.840299,0.7328
AdaGrad,50,10,0.09052,0.013613,1.745865,1.838647,0.7366
AdaGrad,51,10,0.094792,0.005991,1.741891,1.83711,0.7368
AdaGrad,52,10,0.09663,0.012423,1.737384,1.835448,0.7328
AdaGrad,53,10,0.093417,0.009302,1.739161,1.833769,0.7372
AdaGrad,54,10,0.096928,0.007664,1.73431,1.832074,0.7378
AdaGrad,55,10,0.10006,0.013968,1.730582,1.830387,0.7378
AdaGrad,56,10,0.097185,0.009803,1.729176,1.828868,0.7378
AdaGrad,57,10,0.100172,0.012475,1.725832,1.827073,0.7388
AdaGrad,58,10,0.094345,0.012109,1.72273,1.825783,0.7368
AdaGrad,59,10,0.097131,0.007314,1.71832,1.824335,0.7394
AdaGrad,60,10,0.090863,0.013582,1.719212,1.822757,0.7386
AdaGrad,61,10,0.095797,0.0112,1.714425,1.821339,0.7386
AdaGrad,62,10,0.103659,0.009883,1.708816,1.819867,0.7378
AdaGrad,63,10,0.099367,0.011276,1.709529,1.818078,0.7408
AdaGrad,64,10,0.101199,0.014338,1.704228,1.816633,0.7432
AdaGrad,65,10,0.103647,0.012926,1.700727,1.815042,0.7424
AdaGrad,66,10,0.09805,0.007114,1.701229,1.813881,0.7402
AdaGrad,67,10,0.100827,0.015292,1.698512,1.812282,0.7434
AdaGrad,68,10,0.100584,0.013335,1.695058,1.810751,0.744
AdaGrad,69,10,0.101218,0.006038,1.693724,1.809331,0.742
AdaGrad,70,10,0.098878,0.013524,1.692313,1.807808,0.7454
AdaGrad,71,10,0.104589,0.008791,1.686031,1.806684,0.7458
AdaGrad,72,10,0.103563,0.010881,1.680082,1.805302,0.7444
AdaGrad,73,10,0.104041,0.008534,1.682618,1.803838,0.7442
AdaGrad,74,10,0.101705,0.009294,1.678412,1.802397,0.7432
AdaGrad,75,10,0.1,0.008651,1.67687,1.800971,0.7424
AdaGrad,76,10,0.102021,0.009794,1.67281,1.799426,0.7448
AdaGrad,77,10,0.100245,0.006018,1.672212,1.797969,0.7438
AdaGrad,78,10,0.101961,0.017463,1.665781,1.796416,0.7446
AdaGrad,79,10,0.104288,0.006446,1.665041,1.794875,0.7458
AdaGrad,80,10,0.095876,0.007546,1.660666,1.793626,0.7452
AdaGrad,81,10,0.111402,0.014096,1.657814,1.792153,0.7458
AdaGrad,82,10,0.104531,0.010585,1.659558,1.790521,0.749
AdaGrad,83,10,0.104836,0.013479,1.655717,1.789513,0.7466
AdaGrad,84,10,0.107647,0.006624,1.651857,1.788109,0.7466
AdaGrad,85,10,0.098108,0.013278,1.650182,1.786728,0.7468
AdaGrad,86,10,0.106984,0.013502,1.645794,1.7851,0.7486
AdaGrad,87,10,0.100196,0.008251,1.643545,1.783748,0.748
AdaGrad,88,10,0.100787,0.012066,1.642919,1.782007,0.75
AdaGrad,89,10,0.099406,0.00791,1.64081,1.780808,0.7496
AdaGrad,90,10,0.106118,0.010712,1.635372,1.77971,0.7474
AdaGrad,91,10,0.107985,0.011806,1.636163,1.778339,0.7494
AdaGrad,92,10,0.104852,0.007989,1.634945,1.777044,0.7496
AdaGrad,93,10,0.103612,0.008758,1.632144,1.775965,0.7478
AdaGrad,94,10,0.104798,0.014909,1.624153,1.774621,0.7474
AdaGrad,95,10,0.106915,0.009542,1.628016,1.773339,0.748
AdaGrad,96,10,0.107256,0.005833,1.62463,1.771899,0.7484
AdaGrad,97,10,0.110801,0.010538,1.623274,1.770667,0.749
AdaGrad,98,10,0.108497,0.01077,1.61912,1.769321,0.7498
AdaGrad,99,10,0.110323,0.011429,1.615182,1.767822,0.7506
AdaGrad,100,10,0.111518,0.010266,1.609286,1.766387,0.7502
AdaGrad,101,10,0.103856,0.008311,1.61073,1.76504,0.7512
AdaGrad,102,10,0.108899,0.013768,1.610535,1.763778,0.7502
AdaGrad,103,10,0.105599,0.011647,1.607494,1.762848,0.7498
AdaGrad,104,10,0.109482,0.012437,1.607412,1.761449,0.7504
AdaGrad,105,10,0.110252,0.009249,1.601404,1.760165,0.75
AdaGrad,106,10,0.109883,0.011138,1.596485,1.758699,0.75
AdaGrad,107,10,0.108718,0.01257,1.596134,1.757519,0.751
AdaGrad,108,10,0.100955,0.009676,1.599041,1.75624,0.7504
AdaGrad,109,10,0.106237,0.010331,1.590773,1.754781,0.7514
AdaGrad,110,10,0.106475,0.011407,1.593568,1.753386,0.7532
AdaGrad,111,10,0.109231,0.008629,1.582714,1.75219,0.7508
AdaGrad,112,10,0.120405,0.011061,1.579005,1.750817,0.7528
AdaGrad,113,10,0.110832,0.009474,1.58259,1.749248,0.7546
AdaGrad,114,10,0.108723,0.008914,1.581231,1.748024,0.7536
AdaGrad,115,10,0.108049,0.00766,1.579235,1.747042,0.7522
AdaGrad,116,10,0.117608,0.011422,1.575177,1.745735,0.7512
AdaGrad,117,10,0.112802,0.008167,1.575305,1.744697,0.7514
AdaGrad,118,10,0.102757,0.009835,1.573484,1.743339,0.7524
AdaGrad,119,10,0.106288,0.008203,1.570785,1.742152,0.7528
AdaGrad,120,10,0.113822,0.01236,1.567614,1.740911,0.7518
AdaGrad,121,10,0.108325,0.013139,1.564838,1.739756,0.7512
AdaGrad,122,10,0.114652,0.011741,1.559414,1.738367,0.7526
AdaGrad,123,10,0.109323,0.010666,1.558075,1.737337,0.753
AdaGrad,124,10,0.109406,0.007616,1.557876,1.736213,0.7532
AdaGrad,125,10,0.110708,0.013171,1.556536,1.734966,0.7526
AdaGrad,126,10,0.110172,0.005234,1.554284,1.733817,0.7526
AdaGrad,127,10,0.114693,0.014118,1.557879,1.732611,0.753
AdaGrad,128,10,0.111831,0.009192,1.542187,1.731259,0.7536
AdaGrad,129,10,0.11577,0.02011,1.549195,1.730237,0.7544
AdaGrad,130,10,0.10822,0.008232,1.548548,1.728767,0.7552
AdaGrad,131,10,0.11793,0.008665,1.546571,1.727776,0.754
AdaGrad,132,10,0.118333,0.013011,1.542489,1.72653,0.7552
AdaGrad,133,10,0.113713,0.009021,1.536425,1.725575,0.7544
AdaGrad,134,10,0.113672,0.010704,1.540361,1.724486,0.7532
AdaGrad,135,10,0.121393,0.010208,1.539442,1.72329,0.7536
AdaGrad,136,10,0.113789,0.007305,1.536995,1.722161,0.7546
AdaGrad,137,10,0.115172,0.010226,1.533743,1.720881,0.7552
AdaGrad,138,10,0.112929,0.008364,1.527776,1.719706,0.755
AdaGrad,139,10,0.112091,0.007301,1.534126,1.718226,0.7558
AdaGrad,140,10,0.116204,0.013101,1.530745,1.717015,0.757
AdaGrad,141,10,0.110601,0.009169,1.521184,1.715799,0.7574
AdaGrad,142,10,0.117395,0.012828,1.513881,1.714624,0.7562
AdaGrad,143,10,0.116022,0.014876,1.519974,1.713617,0.756
AdaGrad,144,10,0.1177,0.010361,1.515057,1.712569,0.7554
AdaGrad,145,10,0.116783,0.012898,1.51549,1.711437,0.7564
AdaGrad,146,10,0.115833,0.013356,1.520993,1.710087,0.7584
AdaGrad,147,10,0.119869,0.014631,1.506084,1.709031,0.7572
AdaGrad,148,10,0.119885,0.012818,1.512829,1.707752,0.7574
AdaGrad,149,10,0.106732,0.010367,1.506914,1.706792,0.7572
AdaGrad,150,10,0.116278,0.016555,1.511779,1.705744,0.757
AdaGrad,151,10,0.117341,0.009343,1.502907,1.704641,0.7578
AdaGrad,152,10,0.119353,0.010548,1.499777,1.70348,0.757
AdaGrad,153,10,0.113729,0.010112,1.499844,1.702458,0.7574
AdaGrad,154,10,0.11649,0.014961,1.49941,1.701318,0.757
AdaGrad,155,10,0.113507,0.010377,1.49375,1.700271,0.7578
AdaGrad,156,10,0.11762,0.00898,1.500158,1.699073,0.7582
AdaGrad,157,10,0.116672,0.010164,1.4936,1.697922,0.758
AdaGrad,158,10,0.115794,0.009614,1.490389,1.696663,0.758
AdaGrad,159,10,0.119907,0.009778,1.490553,1.695421,0.7596
AdaGrad,160,10,0.112433,0.010295,1.489122,1.694321,0.7616
AdaGrad,161,10,0.114549,0.009001,1.487675,1.693335,0.7592
AdaGrad,162,10,0.119583,0.00667,1.487204,1.692196,0.7594
AdaGrad,163,10,0.120081,0.011202,1.479984,1.691188,0.7594
AdaGrad,164,10,0.119663,0.01257,1.481355,1.689995,0.7594
AdaGrad,165,10,0.115773,0.011095,1.480131,1.688993,0.7586
AdaGrad,166,10,0.117871,0.014388,1.479958,1.687803,0.759
AdaGrad,167,10,0.116788,0.012555,1.47518,1.686629,0.7586
AdaGrad,168,10,0.125497,0.01441,1.470657,1.685665,0.758
AdaGrad,169,10,0.117168,0.008974,1.471084,1.684568,0.758
AdaGrad,170,10,0.121146,0.011008,1.469342,1.683626,0.7592
AdaGrad,171,10,0.124937,0.011232,1.463904,1.682506,0.76
AdaGrad,172,10,0.122593,0.013844,1.464292,1.681352,0.76
AdaGrad,173,10,0.114503,0.009909,1.466428,1.680292,0.7588
AdaGrad,174,10,0.115739,0.011255,1.460173,1.67917,0.7594
AdaGrad,175,10,0.116774,0.008985,1.46221,1.677954,0.7594
AdaGrad,176,10,0.119427,0.015174,1.459883,1.676966,0.7612
AdaGrad,177,10,0.120247,0.013405,1.457157,1.676048,0.7602
AdaGrad,178,10,0.125263,0.009598,1.455087,1.674882,0.761
AdaGrad,179,10,0.116962,0.008647,1.454635,1.673793,0.761
AdaGrad,180,10,0.116693,0.012149,1.45421,1.672656,0.761
AdaGrad,181,10,0.123726,0.018698,1.451026,1.671581,0.7618
AdaGrad,182,10,0.12159,0.00867,1.445427,1.670484,0.7612
AdaGrad,183,10,0.114013,0.01442,1.444622,1.669478,0.7622
AdaGrad,184,10,0.118198,0.009439,1.449085,1.668514,0.763
AdaGrad,185,10,0.118112,0.010811,1.443269,1.667419,0.7624
AdaGrad,186,10,0.125319,0.012669,1.439781,1.666506,0.7628
AdaGrad,187,10,0.120047,0.010751,1.43859,1.665342,0.7624
AdaGrad,188,10,0.121721,0.011267,1.434294,1.664086,0.7618
AdaGrad,189,10,0.111432,0.008427,1.437343,1.663176,0.7618
AdaGrad,190,10,0.123938,0.013889,1.430918,1.662131,0.7628
AdaGrad,191,10,0.111547,0.006481,1.4367,1.661311,0.7634
AdaGrad,192,10,0.120076,0.008043,1.428071,1.660186,0.7624
AdaGrad,193,10,0.118212,0.012268,1.422545,1.659173,0.7628
AdaGrad,194,10,0.118643,0.014581,1.431526,1.658233,0.7634
AdaGrad,195,10,0.117994,0.009456,1.428655,1.657244,0.763
AdaGrad,196,10,0.122399,0.015011,1.420679,1.65623,0.763
AdaGrad,197,10,0.122604,0.014932,1.422002,1.655386,0.7632
AdaGrad,198,10,0.120282,0.009035,1.42153,1.654367,0.7632
AdaGrad,199,10,0.11955,0.009275,1.419716,1.653514,0.7628
AdaGrad,200,10,0.118276,0.011287,1.421568,1.652475,0.7624
Adam,1,10,0.068395,0.013226,1.945757,1.944232,0.1838
Adam,2,10,0.048442,0.008059,1.940489,1.94085,0.2846
Adam,3,10,0.097878,0.025094,1.934001,1.936404,0.4326
Adam,4,10,0.09506,0.021361,1.926361,1.931957,0.4942
Adam,5,10,0.077041,0.01717,1.918427,1.927505,0.5256
Adam,6,10,0.074483,0.016308,1.908912,1.922842,0.553
Adam,7,10,0.073768,0.017131,1.900701,1.918056,0.5764
Adam,8,10,0.066423,0.018337,1.889531,1.913177,0.5914
Adam,9,10,0.071412,0.011383,1.880906,1.907944,0.608
Adam,10,10,0.070748,0.010909,1.868696,1.902277,0.626
Adam,11,10,0.078279,0.013335,1.85574,1.896011,0.6356
Adam,12,10,0.069546,0.016098,1.84778,1.889572,0.644
Adam,13,10,0.07276,0.014516,1.834849,1.882824,0.65
Adam,14,10,0.077663,0.013423,1.821288,1.875795,0.6596
Adam,15,10,0.07809,0.010782,1.805962,1.868409,0.6652
Adam,16,10,0.082794,0.004677,1.791169,1.860897,0.6752
Adam,17,10,0.082618,0.00571,1.780267,1.853127,0.6798
Adam,18,10,0.08309,0.007438,1.764704,1.845053,0.6874
Adam,19,10,0.090741,0.015816,1.750999,1.836958,0.6984
Adam,20,10,0.094116,0.015094,1.735806,1.828658,0.6998
Adam,21,10,0.096659,0.01222,1.718115,1.819917,0.7026
Adam,22,10,0.093479,0.011704,1.706296,1.810894,0.7028
Adam,23,10,0.106074,0.005358,1.685053,1.801626,0.7048
Adam,24,10,0.101178,0.009585,1.665939,1.791993,0.7066
Adam,25,10,0.106468,0.0123,1.653723,1.782081,0.7104
Adam,26,10,0.110052,0.016568,1.623473,1.771729,0.7136
Adam,27,10,0.106881,0.015189,1.614854,1.760803,0.7186
Adam,28,10,0.111766,0.010229,1.592246,1.749284,0.722
Adam,29,10,0.110513,0.012015,1.576697,1.737438,0.7278
Adam,30,10,0.112782,0.010633,1.547769,1.725259,0.7308
Adam,31,10,0.113112,0.014731,1.53737,1.712805,0.7336
Adam,32,10,0.11494,0.007574,1.519296,1.700184,0.739
Adam,33,10,0.117743,0.011265,1.493776,1.6876,0.7394
Adam,34,10,0.119441,0.019979,1.477779,1.675008,0.7418
Adam,35,10,0.125298,0.011145,1.452243,1.662286,0.741
Adam,36,10,0.117958,0.006496,1.430264,1.649426,0.741
Adam,37,10,0.122537,0.008399,1.413105,1.636383,0.7434
Adam,38,10,0.12941,0.010695,1.379244,1.623064,0.7468
Adam,39,10,0.12798,0.008914,1.359085,1.609854,0.7482
Adam,40,10,0.129341,0.010451,1.354043,1.596596,0.7498
Adam,41,10,0.124987,0.007422,1.323713,1.583443,0.7526
Adam,42,10,0.12838,0.011493,1.310496,1.570041,0.7538
Adam,43,10,0.128252,0.009053,1.288444,1.556684,0.754
Adam,44,10,0.126765,0.013461,1.254347,1.542673,0.7536
Adam,45,10,0.12687,0.009393,1.237799,1.528354,0.756
Adam,46,10,0.128609,0.013983,1.222619,1.513816,0.7572
Adam,47,10,0.134804,0.01321,1.19764,1.499277,0.7592
Adam,48,10,0.142821,0.015695,1.16634,1.484672,0.7604
Adam,49,10,0.131875,0.01515,1.15761,1.470485,0.7606
Adam,50,10,0.130387,0.010856,1.139112,1.457053,0.7602
Adam,51,10,0.132313,0.014833,1.118971,1.444128,0.7612
Adam,52,10,0.137251,0.012904,1.10872,1.431514,0.7614
Adam,53,10,0.131943,0.004736,1.074033,1.419329,0.7614
Adam,54,10,0.129415,0.012036,1.066408,1.407064,0.7632
Adam,55,10,0.134352,0.020164,1.039124,1.39479,0.765
Adam,56,10,0.132742,0.010896,1.032745,1.382346,0.7648
Adam,57,10,0.136248,0.009158,1.002563,1.369573,0.7644
Adam,58,10,0.130653,0.007416,0.983787,1.356344,0.7646
Adam,59,10,0.126654,0.011944,0.971349,1.343109,0.7652
Adam,60,10,0.140379,0.019165,0.94199,1.32987,0.7658
Adam,61,10,0.129209,0.015976,0.937546,1.316923,0.7692
Adam,62,10,0.132051,0.013794,0.908974,1.30392,0.7722
Adam,63,10,0.134925,0.013179,0.91353,1.291432,0.7736
Adam,64,10,0.133845,0.015743,0.895788,1.279535,0.7734
Adam,65,10,0.141413,0.020571,0.868721,1.268306,0.7752
Adam,66,10,0.138664,0.014134,0.875113,1.258114,0.775
Adam,67,10,0.137936,0.010731,0.844418,1.24881,0.774
Adam,68,10,0.135834,0.015763,0.833841,1.240214,0.774
Adam,69,10,0.130485,0.020725,0.81215,1.231823,0.7728
Adam,70,10,0.131654,0.016533,0.80226,1.223583,0.7716
Adam,71,10,0.139498,0.014111,0.797189,1.215111,0.7712
Adam,72,10,0.137629,0.013976,0.766867,1.206184,0.7702
Adam,73,10,0.133317,0.010868,0.778521,1.197107,0.772
Adam,74,10,0.128942,0.013143,0.753481,1.187705,0.7726
Adam,75,10,0.131369,0.011291,0.742631,1.178162,0.7742
Adam,76,10,0.129271,0.014983,0.718631,1.169077,0.777
Adam,77,10,0.1319,0.018722,0.72549,1.160415,0.7756
Adam,78,10,0.134133,0.017849,0.708498,1.151697,0.7768
Adam,79,10,0.132922,0.026865,0.711547,1.143646,0.779
Adam,80,10,0.132484,0.020468,0.697165,1.135979,0.7822
Adam,81,10,0.135224,0.012369,0.680068,1.128649,0.7812
Adam,82,10,0.132713,0.021283,0.677052,1.121918,0.7822
Adam,83,10,0.130473,0.006332,0.669628,1.115741,0.7802
Adam,84,10,0.131929,0.017818,0.665285,1.109567,0.7782
Adam,85,10,0.132733,0.01398,0.657259,1.103472,0.7778
Adam,86,10,0.12562,0.02017,0.652858,1.097614,0.778
Adam,87,10,0.133961,0.016725,0.635758,1.091918,0.7786
Adam,88,10,0.121824,0.019737,0.622733,1.086298,0.7764
Adam,89,10,0.119206,0.01995,0.627249,1.080296,0.778
Adam,90,10,0.134826,0.019641,0.621972,1.074322,0.7798
Adam,91,10,0.130158,0.015534,0.614812,1.068086,0.7812
Adam,92,10,0.12897,0.011414,0.608453,1.062066,0.7816
Adam,93,10,0.125708,0.027865,0.614696,1.0561,0.7818
Adam,94,10,0.13205,0.026332,0.598364,1.051216,0.7832
Adam,95,10,0.113623,0.021236,0.586954,1.04609,0.7826
Adam,96,10,0.128718,0.013687,0.593087,1.041418,0.782
Adam,97,10,0.124825,0.024431,0.584443,1.037183,0.7808
Adam,98,10,0.125609,0.012857,0.560051,1.033109,0.7794
Adam,99,10,0.132394,0.018131,0.566736,1.028303,0.7786
Adam,100,10,0.130847,0.011959,0.564976,1.024025,0.7792
Adam,101,10,0.138379,0.025063,0.548037,1.019952,0.7806
Adam,102,10,0.130549,0.024591,0.546943,1.015649,0.7808
Adam,103,10,0.133115,0.016863,0.531601,1.011204,0.7808
Adam,104,10,0.127402,0.020633,0.534229,1.005899,0.7822
Adam,105,10,0.144928,0.030588,0.53374,1.001124,0.7832
Adam,106,10,0.1268,0.017757,0.523283,0.997149,0.7828
Adam,107,10,0.134589,0.025879,0.535932,0.993556,0.7822
Adam,108,10,0.123092,0.011803,0.521016,0.990195,0.7824
Adam,109,10,0.124691,0.019195,0.52531,0.987224,0.782
Adam,110,10,0.138428,0.027694,0.508089,0.983635,0.7822
Adam,111,10,0.147912,0.02481,0.513219,0.979332,0.7814
Adam,112,10,0.122685,0.019029,0.500076,0.975553,0.7826
Adam,113,10,0.126897,0.017683,0.501534,0.972305,0.7808
Adam,114,10,0.137968,0.028256,0.497036,0.969421,0.782
Adam,115,10,0.13141,0.018283,0.480236,0.966283,0.7834
Adam,116,10,0.13927,0.029819,0.492061,0.963634,0.7834
Adam,117,10,0.139753,0.021677,0.474436,0.96098,0.7842
Adam,118,10,0.129161,0.016766,0.476913,0.958709,0.7842
Adam,119,10,0.134193,0.024328,0.486375,0.955672,0.7838
Adam,120,10,0.139495,0.023465,0.472002,0.952382,0.7846
Adam,121,10,0.135984,0.033267,0.471231,0.949162,0.7838
Adam,122,10,0.143002,0.033985,0.486614,0.945564,0.7836
Adam,123,10,0.13918,0.018863,0.466241,0.941779,0.7852
Adam,124,10,0.121732,0.016683,0.470834,0.938027,0.7862
Adam,125,10,0.132235,0.022378,0.467148,0.934953,0.785
Adam,126,10,0.131017,0.01883,0.45429,0.932787,0.7858
Adam,127,10,0.141146,0.030643,0.464478,0.931592,0.7868
Adam,128,10,0.122346,0.029948,0.449071,0.930592,0.785
Adam,129,10,0.142693,0.02306,0.439726,0.929734,0.785
Adam,130,10,0.140128,0.011099,0.450143,0.927909,0.7854
Adam,131,10,0.136451,0.019823,0.441784,0.925977,0.784
Adam,132,10,0.138611,0.030406,0.435121,0.923654,0.7822
Adam,133,10,0.147343,0.028649,0.452348,0.920525,0.7834
Adam,134,10,0.131885,0.026475,0.436388,0.917651,0.7838
Adam,135,10,0.139848,0.0276,0.438871,0.916157,0.7832
Adam,136,10,0.129141,0.014104,0.429026,0.914135,0.7824
Adam,137,10,0.136304,0.032421,0.427769,0.911707,0.7844
Adam,138,10,0.139518,0.028916,0.427204,0.90958,0.7846
Adam,139,10,0.132616,0.015427,0.419993,0.908382,0.7836
Adam,140,10,0.128962,0.024259,0.427441,0.90709,0.7834
Adam,141,10,0.148075,0.014762,0.414789,0.904778,0.7846
Adam,142,10,0.133661,0.02677,0.424822,0.901772,0.7862
Adam,143,10,0.133587,0.029874,0.414234,0.898803,0.7864
Adam,144,10,0.138723,0.025628,0.419428,0.896603,0.7862
Adam,145,10,0.133996,0.03609,0.402541,0.895305,0.7864
Adam,146,10,0.131431,0.02106,0.4066,0.893645,0.7852
Adam,147,10,0.145635,0.03742,0.41094,0.892144,0.7852
Adam,148,10,0.14112,0.027776,0.397589,0.890875,0.784
Adam,149,10,0.134195,0.022317,0.39516,0.889241,0.783
Adam,150,10,0.127994,0.031573,0.402104,0.887109,0.7844
Adam,151,10,0.128005,0.027392,0.403281,0.885642,0.7832
Adam,152,10,0.129304,0.019889,0.403392,0.883591,0.785
Adam,153,10,0.118908,0.02235,0.382443,0.881733,0.7832
Adam,154,10,0.138653,0.033652,0.390455,0.880214,0.7836
Adam,155,10,0.137891,0.029548,0.392852,0.879304,0.785
Adam,156,10,0.137808,0.036842,0.378478,0.878166,0.7856
Adam,157,10,0.130174,0.029774,0.387711,0.877497,0.7858
Adam,158,10,0.147168,0.023778,0.388173,0.876123,0.7858
Adam,159,10,0.141245,0.030308,0.379735,0.874356,0.7858
Adam,160,10,0.152047,0.039044,0.384969,0.872453,0.7852
Adam,161,10,0.147641,0.037395,0.382328,0.87022,0.7838
Adam,162,10,0.15417,0.028466,0.383572,0.867897,0.7856
Adam,163,10,0.148669,0.033997,0.393584,0.866129,0.7848
Adam,164,10,0.132634,0.017927,0.375876,0.864571,0.7876
Adam,165,10,0.141441,0.03164,0.369517,0.863057,0.7864
Adam,166,10,0.142317,0.035446,0.388717,0.862133,0.7866
Adam,167,10,0.14869,0.025402,0.358206,0.861981,0.786
Adam,168,10,0.145235,0.024547,0.36778,0.861402,0.7842
Adam,169,10,0.122716,0.02771,0.361342,0.860701,0.783
Adam,170,10,0.136763,0.034565,0.360953,0.859618,0.7836
Adam,171,10,0.150662,0.02497,0.362822,0.857404,0.7842
Adam,172,10,0.13648,0.0103,0.368611,0.854778,0.785
Adam,173,10,0.146947,0.045101,0.355585,0.852395,0.7868
Adam,174,10,0.140015,0.033878,0.360151,0.850755,0.7878
Adam,175,10,0.142981,0.030346,0.360756,0.849423,0.7884
Adam,176,10,0.146618,0.031838,0.345745,0.848563,0.7882
Adam,177,10,0.13685,0.025742,0.35121,0.848012,0.7894
Adam,178,10,0.139025,0.01892,0.347731,0.847191,0.7886
Adam,179,10,0.130332,0.027579,0.346802,0.846242,0.7888
Adam,180,10,0.141928,0.022594,0.35453,0.845134,0.787
Adam,181,10,0.149846,0.036187,0.352319,0.842798,0.7874
Adam,182,10,0.150526,0.028577,0.349614,0.840781,0.7866
Adam,183,10,0.140105,0.035175,0.358155,0.839863,0.7888
Adam,184,10,0.137507,0.020467,0.348748,0.839454,0.7876
Adam,185,10,0.134669,0.024051,0.338344,0.838965,0.785
Adam,186,10,0.13113,0.027061,0.337896,0.839314,0.7868
Adam,187,10,0.148966,0.035976,0.344874,0.839022,0.7866
Adam,188,10,0.130972,0.032063,0.335601,0.838428,0.787
Adam,189,10,0.134106,0.025141,0.349432,0.837862,0.787
Adam,190,10,0.137548,0.020297,0.326029,0.837527,0.787
Adam,191,10,0.150756,0.024932,0.355661,0.836852,0.7854
Adam,192,10,0.136119,0.028,0.335225,0.835726,0.786
Adam,193,10,0.123446,0.027912,0.328555,0.834333,0.7866
Adam,194,10,0.138803,0.030907,0.326551,0.832324,0.7866
Adam,195,10,0.148132,0.020708,0.335565,0.830735,0.7866
Adam,196,10,0.138823,0.029602,0.333242,0.82882,0.7872
Adam,197,10,0.142466,0.03363,0.335997,0.827728,0.7886
Adam,198,10,0.139151,0.014809,0.313625,0.826791,0.789
Adam,199,10,0.133435,0.023878,0.326836,0.825452,0.7906
Adam,200,10,0.142608,0.035661,0.319961,0.824378,0.7894
AdamW,1,10,0.071508,0.018955,1.946288,1.944059,0.1844
AdamW,2,10,0.050916,0.01205,1.940966,1.940543,0.2996
AdamW,3,10,0.11858,0.033419,1.934874,1.935761,0.4446
AdamW,4,10,0.126534,0.022812,1.925724,1.929915,0.4908
AdamW,5,10,0.109282,0.029959,1.916376,1.923864,0.5242
AdamW,6,10,0.10189,0.030275,1.905872,1.917763,0.5666
AdamW,7,10,0.10036,0.037525,1.895542,1.911828,0.5902
AdamW,8,10,0.085126,0.019977,1.880938,1.905829,0.6032
AdamW,9,10,0.083158,0.024579,1.868054,1.899305,0.612
AdamW,10,10,0.096897,0.031953,1.854371,1.892115,0.6248
AdamW,11,10,0.092273,0.033126,1.840138,1.884479,0.6416
AdamW,12,10,0.095146,0.02521,1.825173,1.876323,0.6528
AdamW,13,10,0.091489,0.017647,1.809584,1.86727,0.6646
AdamW,14,10,0.091916,0.012836,1.794342,1.857493,0.676
AdamW,15,10,0.096565,0.007923,1.775557,1.847182,0.689
AdamW,16,10,0.105899,0.014507,1.755576,1.836354,0.6998
AdamW,17,10,0.103768,0.010265,1.739921,1.825274,0.7056
AdamW,18,10,0.104839,0.01081,1.712405,1.813787,0.712
AdamW,19,10,0.108853,0.016652,1.697097,1.801892,0.7168
AdamW,20,10,0.109139,0.010362,1.674041,1.789533,0.723
AdamW,21,10,0.113825,0.014456,1.646388,1.776768,0.7272
AdamW,22,10,0.116922,0.008411,1.627592,1.763456,0.7294
AdamW,23,10,0.114644,0.016136,1.607875,1.749667,0.7322
AdamW,24,10,0.129174,0.022371,1.578351,1.73547,0.7368
AdamW,25,10,0.118882,0.013736,1.558732,1.72084,0.738
AdamW,26,10,0.12678,0.017133,1.524404,1.705617,0.7402
AdamW,27,10,0.123945,0.009679,1.501177,1.689979,0.7416
AdamW,28,10,0.12667,0.008416,1.472686,1.674077,0.7428
AdamW,29,10,0.123822,0.009177,1.450945,1.657751,0.744
AdamW,30,10,0.128437,0.01003,1.418591,1.640868,0.744
AdamW,31,10,0.130815,0.009707,1.396596,1.62346,0.7462
AdamW,32,10,0.133194,0.013383,1.361141,1.605718,0.7478
AdamW,33,10,0.131651,0.012937,1.334178,1.587694,0.7498
AdamW,34,10,0.131151,0.008971,1.306141,1.569394,0.753
AdamW,35,10,0.136805,0.015005,1.268269,1.551155,0.7546
AdamW,36,10,0.128578,0.007096,1.243751,1.532863,0.7562
AdamW,37,10,0.133557,0.007494,1.212697,1.514545,0.759
AdamW,38,10,0.135943,0.007322,1.1933,1.496261,0.759
AdamW,39,10,0.138123,0.010665,1.149457,1.477787,0.7602
AdamW,40,10,0.136743,0.010168,1.130499,1.458844,0.7608
AdamW,41,10,0.144008,0.008461,1.098125,1.439801,0.762
AdamW,42,10,0.133995,0.007071,1.063956,1.420715,0.7624
AdamW,43,10,0.134686,0.011563,1.033839,1.401526,0.7616
AdamW,44,10,0.133256,0.0082,1.017903,1.382096,0.7626
AdamW,45,10,0.140687,0.011625,0.973307,1.362912,0.765
AdamW,46,10,0.131444,0.012271,0.95155,1.343925,0.7666
AdamW,47,10,0.131578,0.009224,0.93094,1.325415,0.7678
AdamW,48,10,0.134616,0.014365,0.898444,1.306761,0.768
AdamW,49,10,0.13956,0.013543,0.867111,1.288575,0.7684
AdamW,50,10,0.12698,0.00924,0.846748,1.271078,0.7692
AdamW,51,10,0.131101,0.005136,0.818652,1.254243,0.77
AdamW,52,10,0.131019,0.00856,0.800289,1.237525,0.7704
AdamW,53,10,0.123209,0.011,0.788122,1.221054,0.7716
AdamW,54,10,0.123813,0.007406,0.740183,1.204548,0.7716
AdamW,55,10,0.1213,0.01396,0.729781,1.187898,0.772
AdamW,56,10,0.125408,0.007495,0.718527,1.171449,0.7726
AdamW,57,10,0.119202,0.00891,0.683799,1.15527,0.7732
AdamW,58,10,0.124204,0.012721,0.669186,1.139371,0.773
AdamW,59,10,0.115304,0.008338,0.627867,1.12368,0.7746
AdamW,60,10,0.121312,0.013325,0.622414,1.108829,0.775
AdamW,61,10,0.121079,0.015172,0.599333,1.094342,0.7754
AdamW,62,10,0.114739,0.012296,0.580002,1.080309,0.7748
AdamW,63,10,0.113159,0.011485,0.558311,1.066803,0.7744
AdamW,64,10,0.112789,0.010817,0.542644,1.053949,0.7732
AdamW,65,10,0.108345,0.011302,0.526625,1.041283,0.7732
AdamW,66,10,0.10749,0.007127,0.512253,1.028892,0.7746
AdamW,67,10,0.107007,0.01067,0.500274,1.017228,0.7754
AdamW,68,10,0.108178,0.013296,0.482666,1.006368,0.7746
AdamW,69,10,0.105241,0.01048,0.471618,0.99565,0.7746
AdamW,70,10,0.107292,0.012042,0.45107,0.985359,0.7742
AdamW,71,10,0.106126,0.010282,0.444536,0.974986,0.7764
AdamW,72,10,0.105364,0.013582,0.428386,0.965489,0.777
AdamW,73,10,0.105888,0.015178,0.411996,0.956411,0.7784
AdamW,74,10,0.105534,0.013221,0.414668,0.947739,0.7792
AdamW,75,10,0.092662,0.009583,0.390904,0.939609,0.7796
AdamW,76,10,0.092372,0.00584,0.375679,0.931297,0.7786
AdamW,77,10,0.098676,0.011496,0.370598,0.923077,0.7788
AdamW,78,10,0.093779,0.011876,0.359285,0.915493,0.7774
AdamW,79,10,0.095585,0.013674,0.341417,0.908279,0.7774
AdamW,80,10,0.093456,0.015004,0.350248,0.901429,0.778
AdamW,81,10,0.0938,0.017087,0.330373,0.895097,0.7778
AdamW,82,10,0.090602,0.012733,0.325356,0.888469,0.7774
AdamW,83,10,0.094552,0.023917,0.332455,0.882288,0.7778
AdamW,84,10,0.092466,0.013086,0.312592,0.876078,0.7778
AdamW,85,10,0.089491,0.013729,0.29711,0.869857,0.7796
AdamW,86,10,0.085198,0.009735,0.300788,0.863984,0.7792
AdamW,87,10,0.091477,0.009132,0.290338,0.858161,0.78
AdamW,88,10,0.086958,0.009883,0.278555,0.852743,0.7812
AdamW,89,10,0.085655,0.009621,0.279763,0.847949,0.7796
AdamW,90,10,0.082088,0.006662,0.261749,0.843468,0.7812
AdamW,91,10,0.074859,0.006485,0.25639,0.838897,0.782
AdamW,92,10,0.086356,0.014661,0.260467,0.834928,0.7816
AdamW,93,10,0.081372,0.013663,0.24732,0.83107,0.7826
AdamW,94,10,0.073933,0.012762,0.246923,0.827538,0.7816
AdamW,95,10,0.080893,0.010743,0.241242,0.824599,0.7806
AdamW,96,10,0.073832,0.008532,0.225924,0.821961,0.78
AdamW,97,10,0.075629,0.012472,0.225803,0.819311,0.78
AdamW,98,10,0.080539,0.011004,0.224896,0.816921,0.7788
AdamW,99,10,0.073279,0.013168,0.214485,0.814185,0.7786
AdamW,100,10,0.07547,0.008729,0.217253,0.811326,0.778
AdamW,101,10,0.079557,0.017164,0.217355,0.808293,0.7776
AdamW,102,10,0.081604,0.01846,0.210271,0.805211,0.777
AdamW,103,10,0.077547,0.013246,0.20589,0.80205,0.777
AdamW,104,10,0.074108,0.009824,0.194182,0.798758,0.7768
AdamW,105,10,0.078661,0.012517,0.197458,0.795819,0.7784
AdamW,106,10,0.069285,0.009104,0.189401,0.79295,0.779
AdamW,107,10,0.07941,0.0184,0.181053,0.789904,0.7794
AdamW,108,10,0.071529,0.015047,0.179579,0.787639,0.7784
AdamW,109,10,0.075285,0.012297,0.178009,0.785547,0.7778
AdamW,110,10,0.071324,0.011468,0.175063,0.78343,0.778
AdamW,111,10,0.065972,0.008922,0.167722,0.781882,0.7786
AdamW,112,10,0.071096,0.011333,0.170179,0.780941,0.7776
AdamW,113,10,0.071878,0.011772,0.167834,0.780307,0.7776
AdamW,114,10,0.067758,0.014173,0.156426,0.779886,0.777
AdamW,115,10,0.071927,0.014236,0.160643,0.779349,0.7774
AdamW,116,10,0.066516,0.012592,0.156767,0.778855,0.7764
AdamW,117,10,0.069105,0.006906,0.153739,0.778298,0.7752
AdamW,118,10,0.067865,0.016696,0.151771,0.77791,0.7726
AdamW,119,10,0.066634,0.011242,0.148539,0.777177,0.7736
AdamW,120,10,0.057423,0.01089,0.142756,0.776633,0.7732
AdamW,121,10,0.06582,0.017333,0.145757,0.775794,0.7738
AdamW,122,10,0.063739,0.013001,0.145223,0.774701,0.7752
AdamW,123,10,0.059735,0.012667,0.146532,0.773297,0.7748
AdamW,124,10,0.067912,0.012015,0.134909,0.771721,0.7746
AdamW,125,10,0.062434,0.009116,0.138862,0.769978,0.775
AdamW,126,10,0.064593,0.014367,0.139785,0.768619,0.7752
AdamW,127,10,0.064911,0.014007,0.131002,0.767143,0.7754
AdamW,128,10,0.065551,0.01073,0.130279,0.765704,0.776
AdamW,129,10,0.054857,0.010922,0.122252,0.764602,0.7754
AdamW,130,10,0.057361,0.013757,0.120104,0.763713,0.7752
AdamW,131,10,0.059579,0.016183,0.123897,0.763443,0.7748
AdamW,132,10,0.057452,0.013663,0.11638,0.762776,0.7748
AdamW,133,10,0.066867,0.019814,0.123149,0.762329,0.775
AdamW,134,10,0.063478,0.018936,0.117255,0.761686,0.7752
AdamW,135,10,0.063925,0.011162,0.12194,0.761133,0.7758
AdamW,136,10,0.059001,0.01238,0.114987,0.761038,0.7752
AdamW,137,10,0.063453,0.012685,0.111861,0.760947,0.7738
AdamW,138,10,0.056445,0.012008,0.108064,0.760511,0.7736
AdamW,139,10,0.059763,0.019008,0.118586,0.759765,0.7738
AdamW,140,10,0.055494,0.015699,0.11477,0.75942,0.7724
AdamW,141,10,0.064545,0.026473,0.108228,0.758639,0.7728
AdamW,142,10,0.053095,0.018475,0.10589,0.757427,0.7734
AdamW,143,10,0.059614,0.019073,0.104966,0.756475,0.7744
AdamW,144,10,0.049301,0.009281,0.101735,0.755515,0.7748
AdamW,145,10,0.050871,0.012231,0.097054,0.754569,0.7752
AdamW,146,10,0.054279,0.01441,0.099414,0.753874,0.7758
AdamW,147,10,0.058289,0.011929,0.102213,0.754084,0.7752
AdamW,148,10,0.051211,0.01109,0.093988,0.754232,0.7768
AdamW,149,10,0.053848,0.008469,0.101649,0.754554,0.7768
AdamW,150,10,0.048454,0.00925,0.09174,0.754703,0.7774
AdamW,151,10,0.053302,0.012122,0.09663,0.754986,0.7768
AdamW,152,10,0.052587,0.008306,0.093344,0.755588,0.7766
AdamW,153,10,0.057922,0.011959,0.098766,0.756253,0.7758
AdamW,154,10,0.051431,0.007701,0.09864,0.756463,0.7752
AdamW,155,10,0.051994,0.016238,0.088498,0.756414,0.7738
AdamW,156,10,0.052718,0.010706,0.090043,0.756354,0.7742
AdamW,157,10,0.047006,0.011236,0.092381,0.756807,0.7744
AdamW,158,10,0.054702,0.012261,0.084162,0.757016,0.7738
AdamW,159,10,0.053067,0.014757,0.084438,0.757017,0.7732
AdamW,160,10,0.05267,0.01893,0.085675,0.757058,0.7732
AdamW,161,10,0.059858,0.011763,0.088367,0.757028,0.7728
AdamW,162,10,0.050708,0.007521,0.086012,0.757207,0.773
AdamW,163,10,0.055009,0.016337,0.081848,0.757396,0.7722
AdamW,164,10,0.048621,0.008958,0.077585,0.757457,0.7718
AdamW,165,10,0.050943,0.010976,0.080235,0.75787,0.772
AdamW,166,10,0.052493,0.014951,0.079706,0.758099,0.7718
AdamW,167,10,0.045316,0.011631,0.073798,0.758754,0.7714
AdamW,168,10,0.050757,0.00553,0.086008,0.759327,0.7712
AdamW,169,10,0.046206,0.010282,0.075191,0.759856,0.7718
AdamW,170,10,0.054092,0.011629,0.078888,0.759642,0.7718
AdamW,171,10,0.045462,0.010452,0.076438,0.75933,0.7726
AdamW,172,10,0.043243,0.007065,0.069943,0.759036,0.7724
AdamW,173,10,0.05136,0.012046,0.076715,0.759092,0.7722
AdamW,174,10,0.04438,0.016258,0.071836,0.758698,0.773
AdamW,175,10,0.044263,0.00631,0.073165,0.758029,0.773
AdamW,176,10,0.045225,0.010269,0.07106,0.757276,0.7736
AdamW,177,10,0.045544,0.012339,0.072626,0.756281,0.774
AdamW,178,10,0.049473,0.010168,0.073851,0.755721,0.7744
AdamW,179,10,0.047835,0.014483,0.07434,0.754801,0.7752
AdamW,180,10,0.047031,0.01213,0.071965,0.753873,0.7754
AdamW,181,10,0.04739,0.013454,0.068499,0.753267,0.7752
AdamW,182,10,0.049292,0.006823,0.064773,0.753193,0.7758
AdamW,183,10,0.059767,0.023388,0.070022,0.753563,0.776
AdamW,184,10,0.045883,0.012071,0.070581,0.753852,0.7764
AdamW,185,10,0.040842,0.009867,0.064076,0.754111,0.7764
AdamW,186,10,0.045264,0.008957,0.065735,0.754816,0.7768
AdamW,187,10,0.045219,0.01195,0.063684,0.75599,0.7756
AdamW,188,10,0.04945,0.008758,0.071487,0.757329,0.7754
AdamW,189,10,0.048031,0.007707,0.063498,0.758768,0.7744
AdamW,190,10,0.044724,0.010549,0.067128,0.759572,0.774
AdamW,191,10,0.04153,0.008725,0.061847,0.760413,0.7734
AdamW,192,10,0.047804,0.015245,0.062559,0.760828,0.7738
AdamW,193,10,0.048026,0.01351,0.064092,0.760974,0.7746
AdamW,194,10,0.047646,0.009002,0.063302,0.760779,0.7746
AdamW,195,10,0.037032,0.006001,0.056345,0.760312,0.7746
AdamW,196,10,0.047416,0.006564,0.065382,0.759727,0.7746
AdamW,197,10,0.051664,0.012894,0.068159,0.759633,0.7738
AdamW,198,10,0.040846,0.009717,0.059284,0.759662,0.7746
AdamW,199,10,0.041103,0.010194,0.063385,0.760056,0.7736
AdamW,200,10,0.040647,0.007392,0.059027,0.760051,0.7724
RMSProp,1,10,0.073699,0.010428,1.946111,1.927558,0.2142
RMSProp,2,10,0.054124,0.012059,1.915467,1.923717,0.2586
RMSProp,3,10,0.135876,0.046943,1.880154,1.892353,0.2616
RMSProp,4,10,0.172757,0.054867,1.837257,1.864702,0.2594
RMSProp,5,10,0.172841,0.054905,1.791801,1.853912,0.359
RMSProp,6,10,0.178189,0.066742,1.750077,1.807752,0.5036
RMSProp,7,10,0.18889,0.05001,1.698132,1.78731,0.5006
RMSProp,8,10,0.197345,0.041663,1.640202,1.753947,0.5828
RMSProp,9,10,0.214654,0.048682,1.589815,1.724627,0.5862
RMSProp,10,10,0.212266,0.07251,1.546983,1.697172,0.6486
RMSProp,11,10,0.22783,0.046448,1.495849,1.674144,0.6334
RMSProp,12,10,0.222505,0.034398,1.458729,1.641009,0.6908
RMSProp,13,10,0.224856,0.036007,1.401649,1.613342,0.6884
RMSProp,14,10,0.206256,0.038856,1.353637,1.584356,0.7192
RMSProp,15,10,0.213761,0.049109,1.322346,1.557656,0.7196
RMSProp,16,10,0.202081,0.032922,1.289823,1.532056,0.7356
RMSProp,17,10,0.202278,0.045888,1.253725,1.51213,0.733
RMSProp,18,10,0.214144,0.056518,1.219566,1.492397,0.7284
RMSProp,19,10,0.211609,0.056482,1.178039,1.469827,0.7422
RMSProp,20,10,0.214561,0.050917,1.159056,1.449469,0.7454
RMSProp,21,10,0.225649,0.061251,1.129692,1.420542,0.7564
RMSProp,22,10,0.239085,0.063799,1.097492,1.418921,0.7428
RMSProp,23,10,0.225909,0.051418,1.070517,1.385483,0.7594
RMSProp,24,10,0.222446,0.045651,1.061337,1.379544,0.7618
RMSProp,25,10,0.231452,0.055112,1.033397,1.357604,0.754
RMSProp,26,10,0.226895,0.061512,1.012031,1.344885,0.7582
RMSProp,27,10,0.21668,0.056477,0.980726,1.327766,0.7612
RMSProp,28,10,0.216136,0.043071,0.96893,1.311817,0.768
RMSProp,29,10,0.204506,0.04032,0.969889,1.30738,0.76
RMSProp,30,10,0.209467,0.046483,0.927169,1.28827,0.7752
RMSProp,31,10,0.196717,0.033691,0.920684,1.272506,0.773
RMSProp,32,10,0.186991,0.04105,0.908939,1.266715,0.771
RMSProp,33,10,0.187451,0.03194,0.892629,1.251533,0.7742
RMSProp,34,10,0.185056,0.047556,0.865977,1.244891,0.772
RMSProp,35,10,0.199442,0.059767,0.868323,1.231641,0.7714
RMSProp,36,10,0.221484,0.053138,0.843106,1.224039,0.7738
RMSProp,37,10,0.2067,0.044571,0.839996,1.21226,0.7736
RMSProp,38,10,0.196437,0.042365,0.823254,1.20149,0.7828
RMSProp,39,10,0.189772,0.032899,0.813861,1.195886,0.772
RMSProp,40,10,0.178474,0.05428,0.789313,1.186334,0.7826
RMSProp,41,10,0.181989,0.051194,0.780082,1.176513,0.7768
RMSProp,42,10,0.199124,0.040781,0.789243,1.169529,0.7814
RMSProp,43,10,0.196587,0.058616,0.774434,1.160017,0.7812
RMSProp,44,10,0.190241,0.048937,0.759701,1.158616,0.7766
RMSProp,45,10,0.18748,0.040909,0.748699,1.147343,0.7808
RMSProp,46,10,0.190099,0.026672,0.75345,1.142067,0.782
RMSProp,47,10,0.191926,0.046059,0.736187,1.131653,0.7852
RMSProp,48,10,0.197205,0.042472,0.736181,1.125962,0.7862
RMSProp,49,10,0.181981,0.037272,0.719578,1.122065,0.783
RMSProp,50,10,0.194252,0.049562,0.715344,1.115142,0.7844
RMSProp,51,10,0.190437,0.040732,0.701551,1.10744,0.7848
RMSProp,52,10,0.197159,0.041642,0.712155,1.105946,0.7852
RMSProp,53,10,0.206158,0.034508,0.701162,1.09677,0.7816
RMSProp,54,10,0.192972,0.03124,0.687059,1.092425,0.7852
RMSProp,55,10,0.196914,0.044755,0.669627,1.082631,0.786
RMSProp,56,10,0.19608,0.06473,0.67845,1.079995,0.7878
RMSProp,57,10,0.201806,0.039254,0.666143,1.074395,0.784
RMSProp,58,10,0.191416,0.040845,0.661948,1.067743,0.7854
RMSProp,59,10,0.177716,0.036467,0.668587,1.069537,0.7842
RMSProp,60,10,0.161954,0.025832,0.64966,1.058789,0.7878
RMSProp,61,10,0.159825,0.040628,0.653121,1.062377,0.7858
RMSProp,62,10,0.180077,0.035531,0.649125,1.052502,0.787
RMSProp,63,10,0.169127,0.036293,0.645254,1.049434,0.787
RMSProp,64,10,0.16275,0.020759,0.626802,1.042284,0.7846
RMSProp,65,10,0.162608,0.030377,0.622232,1.040119,0.7878
RMSProp,66,10,0.169972,0.044686,0.612572,1.035894,0.7852
RMSProp,67,10,0.191141,0.054229,0.601743,1.033964,0.7874
RMSProp,68,10,0.200809,0.061765,0.617371,1.031242,0.786
RMSProp,69,10,0.170644,0.044103,0.586401,1.026353,0.788
RMSProp,70,10,0.164407,0.030624,0.583717,1.018704,0.7848
RMSProp,71,10,0.166219,0.036443,0.576902,1.023038,0.7862
RMSProp,72,10,0.169218,0.041357,0.589727,1.010347,0.7882
RMSProp,73,10,0.168587,0.049284,0.585026,1.010197,0.7894
RMSProp,74,10,0.203153,0.040082,0.602463,1.004863,0.7896
RMSProp,75,10,0.194237,0.045341,0.584648,1.009643,0.783
RMSProp,76,10,0.195586,0.046672,0.572078,0.997,0.7908
RMSProp,77,10,0.195232,0.044301,0.570952,1.003956,0.783
RMSProp,78,10,0.197298,0.072432,0.58179,0.99504,0.7916
RMSProp,79,10,0.192117,0.064998,0.569465,0.991195,0.7874
RMSProp,80,10,0.178612,0.040734,0.556652,0.989459,0.7892
RMSProp,81,10,0.169845,0.036843,0.559539,0.989231,0.7902
RMSProp,82,10,0.172467,0.03235,0.549946,0.980367,0.7922
RMSProp,83,10,0.180041,0.047153,0.548949,0.982729,0.7866
RMSProp,84,10,0.204748,0.049998,0.549022,0.977878,0.7878
RMSProp,85,10,0.203783,0.054311,0.54377,0.974716,0.7878
RMSProp,86,10,0.213425,0.083079,0.56112,0.969028,0.7916
RMSProp,87,10,0.186651,0.057446,0.5447,0.969807,0.79
RMSProp,88,10,0.16816,0.047271,0.529537,0.967128,0.7888
RMSProp,89,10,0.188517,0.044398,0.552036,0.97149,0.7834
RMSProp,90,10,0.200174,0.025567,0.535641,0.958095,0.793
RMSProp,91,10,0.189058,0.031754,0.546784,0.962998,0.7876
RMSProp,92,10,0.19148,0.048974,0.547511,0.964172,0.7842
RMSProp,93,10,0.218884,0.064732,0.524329,0.95792,0.787
RMSProp,94,10,0.206288,0.057886,0.529289,0.959584,0.7874
RMSProp,95,10,0.20434,0.035712,0.52922,0.946664,0.7918
RMSProp,96,10,0.188836,0.040811,0.516917,0.955388,0.7862
RMSProp,97,10,0.160194,0.037831,0.513629,0.943466,0.7932
RMSProp,98,10,0.153231,0.021265,0.514791,0.948799,0.7866
RMSProp,99,10,0.182987,0.057392,0.511002,0.940642,0.7902
RMSProp,100,10,0.182835,0.042016,0.511426,0.940835,0.7904
RMSProp,101,10,0.182877,0.023919,0.505553,0.940413,0.789
RMSProp,102,10,0.176736,0.035565,0.496329,0.939459,0.7872
RMSProp,103,10,0.171425,0.0602,0.491157,0.931266,0.7908
RMSProp,104,10,0.213089,0.061005,0.519154,0.941037,0.7896
RMSProp,105,10,0.201662,0.051652,0.505045,0.930226,0.7902
RMSProp,106,10,0.196687,0.064989,0.507669,0.931139,0.789
RMSProp,107,10,0.208595,0.040264,0.500945,0.930714,0.79
RMSProp,108,10,0.203476,0.048932,0.497185,0.920444,0.7906
RMSProp,109,10,0.176241,0.043445,0.48721,0.927023,0.7894
RMSProp,110,10,0.164382,0.043704,0.489937,0.918326,0.7878
RMSProp,111,10,0.173719,0.023646,0.491202,0.918609,0.793
RMSProp,112,10,0.175908,0.045479,0.498563,0.919843,0.792
RMSProp,113,10,0.154614,0.028416,0.48461,0.917801,0.7912
RMSProp,114,10,0.173484,0.040171,0.481788,0.911959,0.792
RMSProp,115,10,0.181818,0.049619,0.477558,0.921734,0.7882
RMSProp,116,10,0.185951,0.05758,0.48048,0.909603,0.793
RMSProp,117,10,0.196894,0.050033,0.466798,0.915002,0.7882
RMSProp,118,10,0.222289,0.069047,0.475274,0.909331,0.793
RMSProp,119,10,0.1882,0.043343,0.483134,0.906535,0.7894
RMSProp,120,10,0.156645,0.040136,0.464229,0.901102,0.793
RMSProp,121,10,0.186216,0.045564,0.469504,0.90491,0.7896
RMSProp,122,10,0.200225,0.068072,0.468472,0.900564,0.7926
RMSProp,123,10,0.180822,0.031133,0.462197,0.904501,0.7878
RMSProp,124,10,0.174806,0.058256,0.466671,0.897151,0.7926
RMSProp,125,10,0.164885,0.044409,0.447599,0.898462,0.794
RMSProp,126,10,0.184992,0.020201,0.481618,0.903431,0.786
RMSProp,127,10,0.184739,0.056815,0.451158,0.894585,0.7918
RMSProp,128,10,0.188299,0.057512,0.454039,0.894277,0.7938
RMSProp,129,10,0.209879,0.040539,0.441729,0.886402,0.7944
RMSProp,130,10,0.213127,0.058376,0.458083,0.896475,0.7914
RMSProp,131,10,0.18859,0.084363,0.446246,0.882852,0.793
RMSProp,132,10,0.205407,0.026291,0.447975,0.893875,0.7886
RMSProp,133,10,0.202722,0.039677,0.447575,0.887002,0.7904
RMSProp,134,10,0.188715,0.050609,0.451217,0.886067,0.793
RMSProp,135,10,0.162779,0.057758,0.447409,0.884839,0.7896
RMSProp,136,10,0.185324,0.041708,0.440581,0.88087,0.797
RMSProp,137,10,0.192955,0.030502,0.449198,0.886759,0.791
RMSProp,138,10,0.198402,0.057468,0.438637,0.881976,0.793
RMSProp,139,10,0.201041,0.037107,0.441723,0.8781,0.7916
RMSProp,140,10,0.188174,0.055721,0.44628,0.880552,0.7914
RMSProp,141,10,0.187977,0.047208,0.433209,0.873073,0.796
RMSProp,142,10,0.194218,0.041437,0.436803,0.884821,0.7872
RMSProp,143,10,0.190768,0.062349,0.426152,0.868874,0.794
RMSProp,144,10,0.174682,0.042638,0.437162,0.873698,0.789
RMSProp,145,10,0.179875,0.035058,0.439015,0.874237,0.7904
RMSProp,146,10,0.175005,0.032663,0.42963,0.867498,0.792
RMSProp,147,10,0.170596,0.032398,0.422976,0.871242,0.7906
RMSProp,148,10,0.182544,0.032269,0.440657,0.868451,0.793
RMSProp,149,10,0.183776,0.044042,0.438283,0.863002,0.7946
RMSProp,150,10,0.201092,0.034487,0.424391,0.865574,0.791
RMSProp,151,10,0.188319,0.042861,0.423264,0.867293,0.7918
RMSProp,152,10,0.190904,0.034956,0.432923,0.869046,0.79
RMSProp,153,10,0.200285,0.047649,0.430943,0.859723,0.7934
RMSProp,154,10,0.182441,0.027043,0.425335,0.857753,0.7938
RMSProp,155,10,0.189362,0.046299,0.412948,0.860976,0.7932
RMSProp,156,10,0.195776,0.039418,0.423413,0.860699,0.7912
RMSProp,157,10,0.19108,0.043514,0.414542,0.856243,0.7922
RMSProp,158,10,0.165156,0.050014,0.412423,0.857617,0.794
RMSProp,159,10,0.164414,0.037966,0.407818,0.85618,0.7936
RMSProp,160,10,0.187214,0.051436,0.407685,0.856488,0.793
RMSProp,161,10,0.174265,0.058608,0.412692,0.847785,0.7932
RMSProp,162,10,0.194967,0.05174,0.402982,0.856292,0.795
RMSProp,163,10,0.187398,0.045555,0.406908,0.849932,0.795
RMSProp,164,10,0.16399,0.04867,0.405434,0.855702,0.7936
RMSProp,165,10,0.186712,0.063837,0.403385,0.84678,0.795
RMSProp,166,10,0.207666,0.060809,0.406315,0.851804,0.7912
RMSProp,167,10,0.204382,0.056982,0.400709,0.84602,0.7922
RMSProp,168,10,0.206624,0.044215,0.397621,0.849759,0.7918
RMSProp,169,10,0.190422,0.054265,0.393766,0.847305,0.7904
RMSProp,170,10,0.188667,0.059078,0.413489,0.840376,0.796
RMSProp,171,10,0.204596,0.048323,0.395646,0.848907,0.793
RMSProp,172,10,0.185901,0.049317,0.396589,0.842725,0.7938
RMSProp,173,10,0.188374,0.072963,0.397561,0.846696,0.7886
RMSProp,174,10,0.196012,0.067322,0.390439,0.842507,0.7954
RMSProp,175,10,0.209891,0.050617,0.394315,0.841218,0.7916
RMSProp,176,10,0.202475,0.055723,0.400685,0.842461,0.7914
RMSProp,177,10,0.17827,0.021137,0.3747,0.842773,0.7948
RMSProp,178,10,0.178162,0.04798,0.374624,0.83545,0.7924
RMSProp,179,10,0.186809,0.034502,0.394712,0.839804,0.7934
RMSProp,180,10,0.160974,0.043957,0.3944,0.836472,0.7954
RMSProp,181,10,0.167649,0.037581,0.387363,0.832851,0.793
RMSProp,182,10,0.179806,0.047987,0.409199,0.83493,0.796
RMSProp,183,10,0.175427,0.048773,0.385724,0.836469,0.7922
RMSProp,184,10,0.192887,0.062759,0.393926,0.833391,0.7946
RMSProp,185,10,0.199675,0.067988,0.375854,0.837913,0.791
RMSProp,186,10,0.219258,0.031391,0.376036,0.836113,0.7934
RMSProp,187,10,0.213014,0.068821,0.395043,0.830822,0.79
RMSProp,188,10,0.179947,0.060371,0.387971,0.834014,0.7922
RMSProp,189,10,0.183357,0.039397,0.375491,0.830582,0.7942
RMSProp,190,10,0.214732,0.037459,0.387716,0.831065,0.7918
RMSProp,191,10,0.202803,0.050932,0.374052,0.82281,0.7948
RMSProp,192,10,0.225317,0.069836,0.384101,0.834244,0.7878
RMSProp,193,10,0.220847,0.083813,0.382884,0.829739,0.791
RMSProp,194,10,0.237153,0.080048,0.395926,0.828044,0.7946
RMSProp,195,10,0.217174,0.086061,0.357809,0.828833,0.7912
RMSProp,196,10,0.167718,0.048524,0.366041,0.823664,0.7936
RMSProp,197,10,0.173924,0.049604,0.375148,0.828433,0.7924
RMSProp,198,10,0.210428,0.064056,0.376404,0.82781,0.7896
RMSProp,199,10,0.219349,0.059212,0.371339,0.824616,0.7942
RMSProp,200,10,0.223925,0.082798,0.36664,0.816572,0.7964
SGD,1,10,0.065213,0.011977,1.946053,1.945853,0.1292
SGD,2,10,0.065,0.011381,1.946041,1.945846,0.1288
SGD,3,10,0.06672,0.01558,1.946054,1.945833,0.129
SGD,4,10,0.066866,0.014121,1.945959,1.945817,0.1278
SGD,5,10,0.063626,0.014683,1.945824,1.945806,0.1292
SGD,6,10,0.065857,0.012637,1.945921,1.945793,0.1322
SGD,7,10,0.063157,0.011289,1.945897,1.945787,0.1312
SGD,8,10,0.061836,0.010645,1.945845,1.945774,0.1326
SGD,9,10,0.061162,0.012899,1.945862,1.945763,0.1314
SGD,10,10,0.060152,0.012089,1.945717,1.945758,0.1314
SGD,11,10,0.062481,0.010608,1.945756,1.945752,0.1292
SGD,12,10,0.057342,0.012817,1.945734,1.945746,0.1302
SGD,13,10,0.062097,0.00828,1.945606,1.945739,0.1302
SGD,14,10,0.062091,0.011862,1.945508,1.945735,0.1308
SGD,15,10,0.055875,0.014811,1.945681,1.945724,0.1304
SGD,16,10,0.058515,0.011922,1.94554,1.94572,0.1308
SGD,17,10,0.05722,0.014301,1.94562,1.945715,0.1316
SGD,18,10,0.056308,0.012181,1.94558,1.945713,0.1324
SGD,19,10,0.053642,0.006425,1.945739,1.945712,0.1334
SGD,20,10,0.057172,0.011403,1.945549,1.945706,0.1342
SGD,21,10,0.051747,0.00872,1.945567,1.945709,0.1332
SGD,22,10,0.05026,0.007826,1.945575,1.945702,0.1338
SGD,23,10,0.052426,0.010821,1.945421,1.945698,0.1318
SGD,24,10,0.055063,0.010289,1.945478,1.945699,0.1304
SGD,25,10,0.054055,0.012535,1.945275,1.945696,0.1296
SGD,26,10,0.053055,0.011695,1.945443,1.94569,0.1292
SGD,27,10,0.047694,0.010213,1.945348,1.945688,0.1276
SGD,28,10,0.045264,0.007035,1.94541,1.945688,0.1276
SGD,29,10,0.046264,0.007915,1.945364,1.945683,0.1278
SGD,30,10,0.047782,0.010341,1.945469,1.945677,0.1282
SGD,31,10,0.052332,0.006229,1.945393,1.945672,0.129
SGD,32,10,0.047186,0.00816,1.945243,1.945663,0.1302
SGD,33,10,0.04603,0.008399,1.945365,1.945664,0.129
SGD,34,10,0.048477,0.010329,1.945227,1.945658,0.129
SGD,35,10,0.043892,0.007513,1.94529,1.945651,0.1286
SGD,36,10,0.04506,0.005587,1.945328,1.945644,0.1282
SGD,37,10,0.040702,0.004532,1.945372,1.94564,0.128
SGD,38,10,0.04761,0.007704,1.945274,1.945643,0.127
SGD,39,10,0.043424,0.007966,1.945249,1.94564,0.1272
SGD,40,10,0.044196,0.010419,1.945263,1.945638,0.1278
SGD,41,10,0.044334,0.006232,1.945231,1.945646,0.1272
SGD,42,10,0.043157,0.007581,1.945241,1.945646,0.1262
SGD,43,10,0.040772,0.007948,1.945235,1.945646,0.1256
SGD,44,10,0.042742,0.005354,1.945323,1.945652,0.1246
SGD,45,10,0.042445,0.007262,1.945174,1.945654,0.1254
SGD,46,10,0.041473,0.007298,1.945133,1.945652,0.1252
SGD,47,10,0.041897,0.008127,1.94517,1.945657,0.1236
SGD,48,10,0.044963,0.006928,1.945187,1.94566,0.1226
SGD,49,10,0.043467,0.007856,1.945177,1.94566,0.123
SGD,50,10,0.043645,0.010397,1.945071,1.945659,0.122
SGD,51,10,0.042691,0.007447,1.945181,1.945655,0.1224
SGD,52,10,0.040459,0.006069,1.945181,1.945655,0.1222
SGD,53,10,0.040484,0.007036,1.945041,1.945656,0.12
SGD,54,10,0.04402,0.009056,1.945142,1.94566,0.1202
SGD,55,10,0.040628,0.009248,1.945165,1.945651,0.1216
SGD,56,10,0.042366,0.010776,1.945164,1.945646,0.121
SGD,57,10,0.045677,0.009652,1.945008,1.945648,0.1206
SGD,58,10,0.043451,0.007793,1.945023,1.945654,0.1214
SGD,59,10,0.036773,0.007338,1.94514,1.945655,0.122
SGD,60,10,0.042476,0.00792,1.945187,1.945663,0.1216
SGD,61,10,0.044942,0.006577,1.945079,1.945653,0.1208
SGD,62,10,0.045878,0.010101,1.944926,1.945658,0.1214
SGD,63,10,0.040461,0.009823,1.945092,1.945663,0.121
SGD,64,10,0.043123,0.006957,1.945142,1.945659,0.1216
SGD,65,10,0.039458,0.009274,1.945037,1.945651,0.1216
SGD,66,10,0.035822,0.007898,1.945064,1.945644,0.123
SGD,67,10,0.04147,0.008872,1.944983,1.945647,0.1218
SGD,68,10,0.038616,0.010682,1.945062,1.945649,0.1216
SGD,69,10,0.038018,0.008555,1.945072,1.94565,0.1218
SGD,70,10,0.038366,0.007497,1.945136,1.945651,0.1224
SGD,71,10,0.04406,0.011193,1.945005,1.945651,0.1228
SGD,72,10,0.042595,0.010867,1.944981,1.945659,0.123
SGD,73,10,0.03785,0.006472,1.944959,1.945661,0.123
SGD,74,10,0.039658,0.004726,1.945072,1.945656,0.124
SGD,75,10,0.041467,0.007027,1.944919,1.945658,0.124
SGD,76,10,0.041575,0.008103,1.944914,1.945655,0.1242
SGD,77,10,0.042069,0.009173,1.945027,1.945649,0.1236
SGD,78,10,0.041274,0.007339,1.944972,1.945656,0.1244
SGD,79,10,0.040003,0.007504,1.945054,1.945651,0.1256
SGD,80,10,0.040327,0.008512,1.944896,1.945643,0.1256
SGD,81,10,0.042076,0.009361,1.944932,1.945651,0.125
SGD,82,10,0.039257,0.005781,1.944859,1.945648,0.1256
SGD,83,10,0.039273,0.005779,1.944994,1.945655,0.1264
SGD,84,10,0.038723,0.007626,1.945236,1.945647,0.125
SGD,85,10,0.04024,0.007312,1.945087,1.945651,0.1252
SGD,86,10,0.035365,0.007113,1.945012,1.945648,0.125
SGD,87,10,0.040079,0.008,1.944943,1.945654,0.125
SGD,88,10,0.041709,0.007706,1.944873,1.945662,0.1246
SGD,89,10,0.038519,0.005927,1.944907,1.945657,0.125
SGD,90,10,0.040968,0.007294,1.944837,1.945647,0.1252
SGD,91,10,0.040392,0.010191,1.944906,1.945652,0.1252
SGD,92,10,0.037043,0.010167,1.944865,1.94566,0.126
SGD,93,10,0.039908,0.007753,1.944871,1.945655,0.1258
SGD,94,10,0.034562,0.006767,1.944969,1.945653,0.1256
SGD,95,10,0.04127,0.007076,1.944716,1.945653,0.1268
SGD,96,10,0.042632,0.011073,1.944921,1.945653,0.127
SGD,97,10,0.03756,0.007242,1.944993,1.945657,0.1262
SGD,98,10,0.036807,0.007296,1.944858,1.945658,0.127
SGD,99,10,0.040746,0.005976,1.94495,1.945655,0.1268
SGD,100,10,0.038758,0.010489,1.944967,1.945655,0.128
SGD,101,10,0.036015,0.007768,1.945035,1.945655,0.127
SGD,102,10,0.040491,0.009072,1.944799,1.945658,0.1286
SGD,103,10,0.039204,0.00645,1.944659,1.945668,0.1276
SGD,104,10,0.03789,0.004663,1.945055,1.945663,0.127
SGD,105,10,0.038843,0.003904,1.944784,1.945665,0.1278
SGD,106,10,0.045215,0.007674,1.944896,1.945661,0.1278
SGD,107,10,0.041316,0.00788,1.944866,1.94566,0.1276
SGD,108,10,0.040131,0.006579,1.944917,1.945664,0.128
SGD,109,10,0.039392,0.008109,1.944698,1.945667,0.127
SGD,110,10,0.040391,0.010583,1.944846,1.94567,0.127
SGD,111,10,0.039352,0.005989,1.944973,1.945668,0.1266
SGD,112,10,0.038774,0.006954,1.944949,1.945677,0.1278
SGD,113,10,0.041099,0.010197,1.945102,1.945671,0.1276
SGD,114,10,0.039526,0.008688,1.944713,1.945668,0.128
SGD,115,10,0.036892,0.011029,1.944929,1.945663,0.1286
SGD,116,10,0.040117,0.008438,1.944676,1.945663,0.1282
SGD,117,10,0.039413,0.006036,1.944784,1.945672,0.129
SGD,118,10,0.042518,0.009966,1.944701,1.945673,0.1286
SGD,119,10,0.040588,0.008621,1.944663,1.945682,0.1266
SGD,120,10,0.038064,0.008288,1.944682,1.945682,0.1272
SGD,121,10,0.033032,0.005418,1.944958,1.945683,0.1266
SGD,122,10,0.037695,0.009232,1.944757,1.945679,0.1268
SGD,123,10,0.038857,0.007003,1.944757,1.945684,0.1256
SGD,124,10,0.041477,0.007343,1.944818,1.945678,0.1264
SGD,125,10,0.037037,0.01005,1.944761,1.945685,0.1264
SGD,126,10,0.037883,0.00618,1.944712,1.945675,0.126
SGD,127,10,0.043088,0.008473,1.944716,1.945682,0.125
SGD,128,10,0.04227,0.008986,1.944809,1.945686,0.126
SGD,129,10,0.037344,0.008456,1.945064,1.945689,0.1258
SGD,130,10,0.038799,0.006085,1.944639,1.945691,0.1256
SGD,131,10,0.036829,0.010388,1.944868,1.945689,0.1268
SGD,132,10,0.040028,0.012014,1.944684,1.945683,0.1264
SGD,133,10,0.040307,0.009851,1.944685,1.945677,0.1264
SGD,134,10,0.037886,0.006725,1.944754,1.945676,0.1266
SGD,135,10,0.032984,0.00721,1.944999,1.945666,0.1254
SGD,136,10,0.03868,0.006339,1.944824,1.945667,0.1264
SGD,137,10,0.035975,0.004937,1.944671,1.945669,0.126
SGD,138,10,0.036925,0.006291,1.944828,1.945668,0.1274
SGD,139,10,0.043001,0.006701,1.944531,1.945668,0.1272
SGD,140,10,0.038647,0.009421,1.944692,1.945668,0.1278
SGD,141,10,0.04117,0.006417,1.94465,1.945672,0.127
SGD,142,10,0.032864,0.005493,1.94481,1.94567,0.1266
SGD,143,10,0.039964,0.008753,1.944691,1.945672,0.1276
SGD,144,10,0.036053,0.005477,1.944497,1.945667,0.1278
SGD,145,10,0.041459,0.011378,1.944579,1.945658,0.1274
SGD,146,10,0.036483,0.008119,1.944765,1.945659,0.1268
SGD,147,10,0.036289,0.007759,1.944681,1.94566,0.127
SGD,148,10,0.041311,0.008674,1.9448,1.945661,0.1266
SGD,149,10,0.0392,0.008359,1.944503,1.945662,0.1258
SGD,150,10,0.04088,0.009178,1.944438,1.945662,0.127
SGD,151,10,0.037044,0.004977,1.944809,1.945656,0.1274
SGD,152,10,0.04301,0.010626,1.944642,1.945665,0.1276
SGD,153,10,0.036726,0.00719,1.944796,1.945666,0.1288
SGD,154,10,0.036318,0.0079,1.944788,1.94567,0.128
SGD,155,10,0.042665,0.010809,1.944711,1.945673,0.1262
SGD,156,10,0.036613,0.010509,1.944698,1.945672,0.1258
SGD,157,10,0.038782,0.010777,1.944446,1.945678,0.1258
SGD,158,10,0.039038,0.009743,1.944557,1.945681,0.1242
SGD,159,10,0.035581,0.004834,1.944609,1.945675,0.1236
SGD,160,10,0.03964,0.007904,1.944546,1.945665,0.125
SGD,161,10,0.04165,0.007931,1.944475,1.945669,0.1246
SGD,162,10,0.033676,0.006781,1.944595,1.945668,0.1246
SGD,163,10,0.036467,0.007436,1.94465,1.945672,0.125
SGD,164,10,0.0389,0.007024,1.944604,1.945678,0.124
SGD,165,10,0.040993,0.007176,1.944586,1.945676,0.1246
SGD,166,10,0.039274,0.006989,1.944636,1.945678,0.1264
SGD,167,10,0.037818,0.006023,1.94455,1.945683,0.1254
SGD,168,10,0.036241,0.009145,1.944482,1.945683,0.1252
SGD,169,10,0.038715,0.006858,1.944428,1.945685,0.1258
SGD,170,10,0.037223,0.009031,1.944722,1.945691,0.1252
SGD,171,10,0.041491,0.007287,1.944746,1.945693,0.1264
SGD,172,10,0.040131,0.009449,1.944585,1.945678,0.1268
SGD,173,10,0.037013,0.00791,1.944569,1.945683,0.1258
SGD,174,10,0.036417,0.008282,1.944753,1.94568,0.1256
SGD,175,10,0.036867,0.005942,1.944555,1.94568,0.126
SGD,176,10,0.034478,0.008336,1.944616,1.945687,0.127
SGD,177,10,0.038749,0.006092,1.94468,1.945689,0.1258
SGD,178,10,0.038274,0.007848,1.944492,1.945686,0.1266
SGD,179,10,0.041228,0.010694,1.944404,1.945683,0.1256
SGD,180,10,0.038692,0.007484,1.944468,1.945692,0.1254
SGD,181,10,0.036091,0.004453,1.944751,1.945695,0.1258
SGD,182,10,0.041028,0.00897,1.944323,1.945694,0.125
SGD,183,10,0.038409,0.007066,1.944655,1.945684,0.1254
SGD,184,10,0.04003,0.008676,1.944507,1.945668,0.1272
SGD,185,10,0.03961,0.00839,1.944476,1.945675,0.1264
SGD,186,10,0.042931,0.006546,1.944488,1.945673,0.127
SGD,187,10,0.040926,0.009984,1.944438,1.945677,0.1262
SGD,188,10,0.038157,0.00699,1.944537,1.945682,0.1264
SGD,189,10,0.041841,0.00812,1.944493,1.945687,0.1258
SGD,190,10,0.034924,0.007979,1.944394,1.945682,0.1274
SGD,191,10,0.034922,0.010305,1.944392,1.945677,0.1274
SGD,192,10,0.040561,0.006651,1.944672,1.945682,0.1266
SGD,193,10,0.03801,0.009435,1.944363,1.945685,0.127
SGD,194,10,0.041616,0.010356,1.944165,1.945681,0.1272
SGD,195,10,0.036418,0.010429,1.944463,1.945676,0.1268
SGD,196,10,0.042041,0.009227,1.94447,1.945678,0.128
SGD,197,10,0.037206,0.009809,1.944576,1.945674,0.1282
SGD,198,10,0.037618,0.009403,1.944463,1.945666,0.1286
SGD,199,10,0.03618,0.007185,1.944451,1.945674,0.1276
SGD,200,10,0.043322,0.010882,1.944445,1.94567,0.1284
