dataset,protocol,robustness_setting,optimizer,perturbation_type,requested_severity,n_seeds,mean_test_accuracy,std_test_accuracy,ci95_test_accuracy_half_width,mean_macro_f1,std_macro_f1,ci95_macro_f1_half_width,clean_to_perturbed_accuracy_drop,robustness_score_auc
Cora,fixed,training_time,AdaGrad,clean,0.0,10,0.7706,0.013125,0.008135,0.764034,0.011311,0.00701,0.0,0.7706
Cora,fixed,training_time,AdaGrad,edge_removal,0.05,10,0.7616,0.017859,0.011069,0.755533,0.017234,0.010682,0.009,0.75257
Cora,fixed,training_time,AdaGrad,edge_removal,0.1,10,0.7673,0.021818,0.013523,0.75859,0.019375,0.012009,0.0033,0.75257
Cora,fixed,training_time,AdaGrad,edge_removal,0.2,10,0.7429,0.020561,0.012744,0.734587,0.017568,0.010889,0.0277,0.75257
Cora,fixed,training_time,AdaGrad,edge_removal,0.3,10,0.7453,0.010199,0.006321,0.738234,0.007354,0.004558,0.0253,0.75257
Cora,fixed,training_time,AdaGrad,fake_edge_addition,0.05,10,0.7554,0.029117,0.018047,0.751597,0.02402,0.014888,0.0152,0.72645
Cora,fixed,training_time,AdaGrad,fake_edge_addition,0.1,10,0.7505,0.016521,0.01024,0.746137,0.012302,0.007625,0.0201,0.72645
Cora,fixed,training_time,AdaGrad,fake_edge_addition,0.2,10,0.721,0.024427,0.01514,0.715251,0.024344,0.015088,0.0496,0.72645
Cora,fixed,training_time,AdaGrad,fake_edge_addition,0.3,10,0.6868,0.033999,0.021073,0.685047,0.029877,0.018518,0.0838,0.72645
Cora,fixed,training_time,AdaGrad,feature_masking,0.05,10,0.7756,0.012563,0.007786,0.76616,0.009048,0.005608,-0.005,0.74902
Cora,fixed,training_time,AdaGrad,feature_masking,0.1,10,0.7616,0.021303,0.013204,0.754111,0.015549,0.009637,0.009,0.74902
Cora,fixed,training_time,AdaGrad,feature_masking,0.2,10,0.7423,0.017595,0.010905,0.736802,0.014144,0.008767,0.0283,0.74902
Cora,fixed,training_time,AdaGrad,feature_masking,0.3,10,0.7303,0.017166,0.01064,0.727289,0.012478,0.007734,0.0403,0.74902
Cora,fixed,training_time,Adam,clean,0.0,10,0.8111,0.005174,0.003207,0.800368,0.004352,0.002697,0.0,0.8111
Cora,fixed,training_time,Adam,edge_removal,0.05,10,0.8057,0.008957,0.005552,0.794115,0.009119,0.005652,0.0054,0.79002
Cora,fixed,training_time,Adam,edge_removal,0.1,10,0.8019,0.006951,0.004309,0.791669,0.007943,0.004923,0.0092,0.79002
Cora,fixed,training_time,Adam,edge_removal,0.2,10,0.7852,0.009601,0.005951,0.774155,0.01041,0.006452,0.0259,0.79002
Cora,fixed,training_time,Adam,edge_removal,0.3,10,0.774,0.007817,0.004845,0.762847,0.008725,0.005408,0.0371,0.79002
Cora,fixed,training_time,Adam,fake_edge_addition,0.05,10,0.7999,0.005626,0.003487,0.790187,0.006036,0.003741,0.0112,0.77347
Cora,fixed,training_time,Adam,fake_edge_addition,0.1,10,0.7878,0.007465,0.004627,0.777962,0.007752,0.004805,0.0233,0.77347
Cora,fixed,training_time,Adam,fake_edge_addition,0.2,10,0.7667,0.007258,0.004499,0.756749,0.006971,0.004321,0.0444,0.77347
Cora,fixed,training_time,Adam,fake_edge_addition,0.3,10,0.7523,0.010853,0.006727,0.740974,0.01045,0.006477,0.0588,0.77347
Cora,fixed,training_time,Adam,feature_masking,0.05,10,0.8039,0.008543,0.005295,0.793366,0.008951,0.005548,0.0072,0.79525
Cora,fixed,training_time,Adam,feature_masking,0.1,10,0.7998,0.007857,0.00487,0.790375,0.006835,0.004236,0.0113,0.79525
Cora,fixed,training_time,Adam,feature_masking,0.2,10,0.7953,0.011431,0.007085,0.783435,0.010765,0.006672,0.0158,0.79525
Cora,fixed,training_time,Adam,feature_masking,0.3,10,0.784,0.011045,0.006846,0.771482,0.011111,0.006887,0.0271,0.79525
Cora,fixed,training_time,AdamW,clean,0.0,10,0.7871,0.008319,0.005156,0.780032,0.007995,0.004956,0.0,0.7871
Cora,fixed,training_time,AdamW,edge_removal,0.05,10,0.7815,0.011443,0.007093,0.775525,0.009584,0.00594,0.0056,0.75977
Cora,fixed,training_time,AdamW,edge_removal,0.1,10,0.769,0.013573,0.008413,0.762513,0.01196,0.007413,0.0181,0.75977
Cora,fixed,training_time,AdamW,edge_removal,0.2,10,0.7594,0.008369,0.005187,0.750574,0.010369,0.006427,0.0277,0.75977
Cora,fixed,training_time,AdamW,edge_removal,0.3,10,0.7358,0.015626,0.009685,0.728886,0.013658,0.008465,0.0513,0.75977
Cora,fixed,training_time,AdamW,fake_edge_addition,0.05,10,0.7706,0.010967,0.006797,0.76334,0.010853,0.006727,0.0165,0.74613
Cora,fixed,training_time,AdamW,fake_edge_addition,0.1,10,0.7673,0.011691,0.007246,0.758084,0.010635,0.006592,0.0198,0.74613
Cora,fixed,training_time,AdamW,fake_edge_addition,0.2,10,0.7359,0.012252,0.007594,0.727603,0.014571,0.009031,0.0512,0.74613
Cora,fixed,training_time,AdamW,fake_edge_addition,0.3,10,0.7226,0.013525,0.008383,0.713384,0.011319,0.007016,0.0645,0.74613
Cora,fixed,training_time,AdamW,feature_masking,0.05,10,0.7808,0.010141,0.006286,0.774728,0.009302,0.005766,0.0063,0.77373
Cora,fixed,training_time,AdamW,feature_masking,0.1,10,0.7763,0.006977,0.004324,0.770319,0.007348,0.004554,0.0108,0.77373
Cora,fixed,training_time,AdamW,feature_masking,0.2,10,0.7743,0.012464,0.007725,0.766757,0.012378,0.007672,0.0128,0.77373
Cora,fixed,training_time,AdamW,feature_masking,0.3,10,0.7652,0.012568,0.00779,0.757769,0.010387,0.006438,0.0219,0.77373
Cora,fixed,training_time,RMSProp,clean,0.0,10,0.8058,0.01084,0.006719,0.796369,0.008445,0.005234,0.0,0.8058
Cora,fixed,training_time,RMSProp,edge_removal,0.05,10,0.8016,0.008859,0.005491,0.791535,0.00824,0.005107,0.0042,0.78926
Cora,fixed,training_time,RMSProp,edge_removal,0.1,10,0.7936,0.011806,0.007317,0.781903,0.012866,0.007974,0.0122,0.78926
Cora,fixed,training_time,RMSProp,edge_removal,0.2,10,0.7892,0.00992,0.006148,0.778209,0.011709,0.007257,0.0166,0.78926
Cora,fixed,training_time,RMSProp,edge_removal,0.3,10,0.7767,0.010985,0.006809,0.765277,0.01235,0.007655,0.0291,0.78926
Cora,fixed,training_time,RMSProp,fake_edge_addition,0.05,10,0.7974,0.010013,0.006206,0.787197,0.008587,0.005323,0.0084,0.77168
Cora,fixed,training_time,RMSProp,fake_edge_addition,0.1,10,0.7834,0.010405,0.006449,0.774524,0.008002,0.00496,0.0224,0.77168
Cora,fixed,training_time,RMSProp,fake_edge_addition,0.2,10,0.7696,0.011177,0.006928,0.761284,0.011009,0.006824,0.0362,0.77168
Cora,fixed,training_time,RMSProp,fake_edge_addition,0.3,10,0.7454,0.017135,0.01062,0.733597,0.018474,0.011451,0.0604,0.77168
Cora,fixed,training_time,RMSProp,feature_masking,0.05,10,0.8004,0.004502,0.00279,0.789403,0.005226,0.003239,0.0054,0.79554
Cora,fixed,training_time,RMSProp,feature_masking,0.1,10,0.7968,0.010337,0.006407,0.78743,0.010562,0.006546,0.009,0.79554
Cora,fixed,training_time,RMSProp,feature_masking,0.2,10,0.7974,0.013978,0.008664,0.787079,0.013214,0.00819,0.0084,0.79554
Cora,fixed,training_time,RMSProp,feature_masking,0.3,10,0.7875,0.011058,0.006854,0.776539,0.011076,0.006865,0.0183,0.79554
Cora,fixed,training_time,SGD,clean,0.0,10,0.1516,0.020935,0.012976,0.075699,0.028918,0.017924,0.0,0.1516
Cora,fixed,training_time,SGD,edge_removal,0.05,10,0.1581,0.041498,0.025721,0.083049,0.019076,0.011823,-0.0065,0.14341
Cora,fixed,training_time,SGD,edge_removal,0.1,10,0.1274,0.023472,0.014548,0.060579,0.022706,0.014074,0.0242,0.14341
Cora,fixed,training_time,SGD,edge_removal,0.2,10,0.1413,0.01147,0.007109,0.075467,0.023837,0.014775,0.0103,0.14341
Cora,fixed,training_time,SGD,edge_removal,0.3,10,0.1643,0.053254,0.033007,0.085471,0.030027,0.018611,-0.0127,0.14341
Cora,fixed,training_time,SGD,fake_edge_addition,0.05,10,0.1236,0.027342,0.016947,0.061183,0.028831,0.017869,0.028,0.13091
Cora,fixed,training_time,SGD,fake_edge_addition,0.1,10,0.1413,0.031102,0.019277,0.061295,0.026588,0.01648,0.0103,0.13091
Cora,fixed,training_time,SGD,fake_edge_addition,0.2,10,0.1293,0.032992,0.020448,0.059994,0.021357,0.013237,0.0223,0.13091
Cora,fixed,training_time,SGD,fake_edge_addition,0.3,10,0.1222,0.028974,0.017958,0.056278,0.025723,0.015943,0.0294,0.13091
Cora,fixed,training_time,SGD,feature_masking,0.05,10,0.1356,0.070236,0.043533,0.055091,0.023749,0.01472,0.016,0.14316
Cora,fixed,training_time,SGD,feature_masking,0.1,10,0.165,0.075906,0.047047,0.079017,0.043188,0.026768,-0.0134,0.14316
Cora,fixed,training_time,SGD,feature_masking,0.2,10,0.1352,0.03603,0.022332,0.06339,0.02826,0.017516,0.0164,0.14316
Cora,fixed,training_time,SGD,feature_masking,0.3,10,0.1301,0.029775,0.018455,0.051969,0.018154,0.011252,0.0215,0.14316
