experiment_id,git_commit,timestamp,dataset,protocol,robustness_setting,optimizer,seed,resolved_seed,hyperparameter_config,train_accuracy,validation_accuracy,test_accuracy,macro_f1,loss,training_time_seconds,best_validation_epoch,final_epoch,final_gradient_l2_norm,mean_gradient_l2_norm,peak_rss_mb,cpu_memory_delta_mb,gpu_peak_memory_mb,memory_device,hardware_metadata_path
final_fixed_cora_clean_diagnostics,c6cbaeb,2026-07-05T23:52:26.413625+00:00,Cora,fixed,clean_training_diagnostics,Adam,42,1712320631,"{""dropout"": 0.5, ""hidden_channels"": 16, ""learning_rate"": 0.01, ""momentum"": 0.0, ""weight_decay"": 0.0005}",0.9928571428571429,0.79,0.796,0.7844027352346646,0.36002326011657715,27.477064370992593,127,200,0.11416857118009105,0.12782307894687872,314.15234375,0.0,0.0,cpu,results/final/diagnostics/metadata/environment.json
final_fixed_cora_clean_diagnostics,c6cbaeb,2026-07-05T23:52:54.600737+00:00,Cora,fixed,clean_training_diagnostics,AdamW,42,44869718,"{""dropout"": 0.5, ""hidden_channels"": 16, ""learning_rate"": 0.01, ""momentum"": 0.0, ""weight_decay"": 0.0005}",1.0,0.768,0.781,0.7762490089708454,0.06062285602092743,29.586291834973963,85,200,0.037512455077685615,0.08247871060103432,320.140625,0.0,0.0,cpu,results/final/diagnostics/metadata/environment.json
final_fixed_cora_clean_diagnostics,c6cbaeb,2026-07-05T23:53:24.780509+00:00,Cora,fixed,clean_training_diagnostics,RMSProp,42,1226071601,"{""dropout"": 0.5, ""hidden_channels"": 16, ""learning_rate"": 0.01, ""momentum"": 0.0, ""weight_decay"": 0.0005}",0.9928571428571429,0.802,0.812,0.8040961055851356,0.34775421023368835,32.7511731510167,71,200,0.25457942962839364,0.18911716104807774,320.21875,0.0,0.0,cpu,results/final/diagnostics/metadata/environment.json
final_fixed_cora_clean_diagnostics,c6cbaeb,2026-07-05T23:53:58.259645+00:00,Cora,fixed,clean_training_diagnostics,AdaGrad,42,2102641980,"{""dropout"": 0.5, ""hidden_channels"": 16, ""learning_rate"": 0.01, ""momentum"": 0.0, ""weight_decay"": 0.0005}",0.9642857142857143,0.774,0.803,0.7876769967026206,1.4049875736236572,25.819068169017555,137,200,0.11360068171114827,0.1045885742556601,320.5625,0.0,0.0,cpu,results/final/diagnostics/metadata/environment.json
final_fixed_cora_clean_diagnostics,c6cbaeb,2026-07-05T23:54:24.632538+00:00,Cora,fixed,clean_training_diagnostics,SGD,42,199040047,"{""dropout"": 0.5, ""hidden_channels"": 16, ""learning_rate"": 0.01, ""momentum"": 0.0, ""weight_decay"": 0.0005}",0.15,0.176,0.172,0.10750284597538425,1.9445369243621826,22.201248191995546,115,200,0.040677044715352544,0.03684366074865736,320.6640625,0.0,0.0,cpu,results/final/diagnostics/metadata/environment.json
final_fixed_cora_clean_diagnostics,c6cbaeb,2026-07-05T23:54:47.300847+00:00,Cora,fixed,clean_training_diagnostics,Adam,43,992922853,"{""dropout"": 0.5, ""hidden_channels"": 16, ""learning_rate"": 0.01, ""momentum"": 0.0, ""weight_decay"": 0.0005}",1.0,0.796,0.807,0.7989857202290626,0.35433757305145264,34.50439401998301,199,200,0.23076868865008812,0.12524301147579853,321.05078125,0.0,0.0,cpu,results/final/diagnostics/metadata/environment.json
final_fixed_cora_clean_diagnostics,c6cbaeb,2026-07-05T23:55:22.406497+00:00,Cora,fixed,clean_training_diagnostics,AdamW,43,1248278353,"{""dropout"": 0.5, ""hidden_channels"": 16, ""learning_rate"": 0.01, ""momentum"": 0.0, ""weight_decay"": 0.0005}",1.0,0.774,0.798,0.7908687450242619,0.06801772862672806,30.438018745015142,93,200,0.04225827788494387,0.08252373434519523,320.68359375,0.0,0.0,cpu,results/final/diagnostics/metadata/environment.json
final_fixed_cora_clean_diagnostics,c6cbaeb,2026-07-05T23:55:53.567355+00:00,Cora,fixed,clean_training_diagnostics,RMSProp,43,1041416772,"{""dropout"": 0.5, ""hidden_channels"": 16, ""learning_rate"": 0.01, ""momentum"": 0.0, ""weight_decay"": 0.0005}",1.0,0.794,0.803,0.7952764825537815,0.42228052020072937,26.585537537001073,56,200,0.3431000942226302,0.1888081607193186,320.8203125,0.0,0.0,cpu,results/final/diagnostics/metadata/environment.json
final_fixed_cora_clean_diagnostics,c6cbaeb,2026-07-05T23:56:20.755347+00:00,Cora,fixed,clean_training_diagnostics,AdaGrad,43,509596344,"{""dropout"": 0.5, ""hidden_channels"": 16, ""learning_rate"": 0.01, ""momentum"": 0.0, ""weight_decay"": 0.0005}",0.9928571428571429,0.75,0.78,0.76724265889806,1.4030874967575073,36.576090910006315,160,200,0.14652372484029105,0.10514975707818262,321.21484375,0.0,0.0,cpu,results/final/diagnostics/metadata/environment.json
final_fixed_cora_clean_diagnostics,c6cbaeb,2026-07-05T23:56:57.964533+00:00,Cora,fixed,clean_training_diagnostics,SGD,43,829023243,"{""dropout"": 0.5, ""hidden_channels"": 16, ""learning_rate"": 0.01, ""momentum"": 0.0, ""weight_decay"": 0.0005}",0.20714285714285716,0.166,0.139,0.07308793243214103,1.9447625875473022,25.9917926590133,130,200,0.053850871892648616,0.046552082546207164,321.3515625,0.0,0.0,cpu,results/final/diagnostics/metadata/environment.json
final_fixed_cora_clean_diagnostics,c6cbaeb,2026-07-05T23:57:24.500707+00:00,Cora,fixed,clean_training_diagnostics,Adam,44,795518554,"{""dropout"": 0.5, ""hidden_channels"": 16, ""learning_rate"": 0.01, ""momentum"": 0.0, ""weight_decay"": 0.0005}",1.0,0.79,0.8,0.7928562688706956,0.29437798261642456,25.288196945999516,95,200,0.1673883808366629,0.12708837323373667,321.765625,0.0,0.0,cpu,results/final/diagnostics/metadata/environment.json
final_fixed_cora_clean_diagnostics,c6cbaeb,2026-07-05T23:57:50.348379+00:00,Cora,fixed,clean_training_diagnostics,AdamW,44,598071999,"{""dropout"": 0.5, ""hidden_channels"": 16, ""learning_rate"": 0.01, ""momentum"": 0.0, ""weight_decay"": 0.0005}",1.0,0.78,0.796,0.7907268544962068,0.05889251455664635,25.97470994401374,67,200,0.03109219295731062,0.07923503014075423,321.3984375,0.0,0.0,cpu,results/final/diagnostics/metadata/environment.json
final_fixed_cora_clean_diagnostics,c6cbaeb,2026-07-05T23:58:17.272599+00:00,Cora,fixed,clean_training_diagnostics,RMSProp,44,833855241,"{""dropout"": 0.5, ""hidden_channels"": 16, ""learning_rate"": 0.01, ""momentum"": 0.0, ""weight_decay"": 0.0005}",1.0,0.786,0.8,0.7875144281137361,0.3350241482257843,27.17099814899848,88,200,0.15437257887947659,0.18684050908013405,321.54296875,0.0,0.0,cpu,results/final/diagnostics/metadata/environment.json
final_fixed_cora_clean_diagnostics,c6cbaeb,2026-07-05T23:58:44.861674+00:00,Cora,fixed,clean_training_diagnostics,AdaGrad,44,1588004108,"{""dropout"": 0.5, ""hidden_channels"": 16, ""learning_rate"": 0.01, ""momentum"": 0.0, ""weight_decay"": 0.0005}",0.9642857142857143,0.768,0.78,0.7702127059700017,1.4198994636535645,22.23549068797729,195,200,0.1196804105896375,0.1062310586563689,321.93359375,0.0,0.0,cpu,results/final/diagnostics/metadata/environment.json
final_fixed_cora_clean_diagnostics,c6cbaeb,2026-07-05T23:59:07.599394+00:00,Cora,fixed,clean_training_diagnostics,SGD,44,1744319630,"{""dropout"": 0.5, ""hidden_channels"": 16, ""learning_rate"": 0.01, ""momentum"": 0.0, ""weight_decay"": 0.0005}",0.15,0.078,0.09,0.06434535130105999,1.9448760747909546,16.704135216015857,1,200,0.04342350154866322,0.042489854554268486,322.078125,0.0,0.0,cpu,results/final/diagnostics/metadata/environment.json
final_fixed_cora_clean_diagnostics,c6cbaeb,2026-07-05T23:59:24.861317+00:00,Cora,fixed,clean_training_diagnostics,Adam,45,1227152684,"{""dropout"": 0.5, ""hidden_channels"": 16, ""learning_rate"": 0.01, ""momentum"": 0.0, ""weight_decay"": 0.0005}",1.0,0.792,0.809,0.8005051864867532,0.3244616687297821,33.419700779020786,124,200,0.12467204993677661,0.12634502909261364,322.47265625,0.0,0.0,cpu,results/final/diagnostics/metadata/environment.json
final_fixed_cora_clean_diagnostics,c6cbaeb,2026-07-05T23:59:58.878112+00:00,Cora,fixed,clean_training_diagnostics,AdamW,45,1384563884,"{""dropout"": 0.5, ""hidden_channels"": 16, ""learning_rate"": 0.01, ""momentum"": 0.0, ""weight_decay"": 0.0005}",1.0,0.78,0.794,0.7909002948882422,0.052802860736846924,25.995133029005956,143,200,0.049568946322735334,0.08373569783795602,322.11328125,0.0,0.0,cpu,results/final/diagnostics/metadata/environment.json
final_fixed_cora_clean_diagnostics,c6cbaeb,2026-07-06T00:00:25.621135+00:00,Cora,fixed,clean_training_diagnostics,RMSProp,45,1350662096,"{""dropout"": 0.5, ""hidden_channels"": 16, ""learning_rate"": 0.01, ""momentum"": 0.0, ""weight_decay"": 0.0005}",1.0,0.792,0.823,0.8088389668515433,0.2828619182109833,25.55755612498615,41,200,0.2850815746287536,0.18802945315505462,322.25390625,0.0,0.0,cpu,results/final/diagnostics/metadata/environment.json
final_fixed_cora_clean_diagnostics,c6cbaeb,2026-07-06T00:00:51.785189+00:00,Cora,fixed,clean_training_diagnostics,AdaGrad,45,1769753490,"{""dropout"": 0.5, ""hidden_channels"": 16, ""learning_rate"": 0.01, ""momentum"": 0.0, ""weight_decay"": 0.0005}",0.9714285714285714,0.774,0.786,0.772894143809814,1.4353622198104858,34.51105740098865,191,200,0.11733170693352883,0.10272222029042855,322.65234375,0.0,0.0,cpu,results/final/diagnostics/metadata/environment.json
final_fixed_cora_clean_diagnostics,c6cbaeb,2026-07-06T00:01:26.922102+00:00,Cora,fixed,clean_training_diagnostics,SGD,45,1425940499,"{""dropout"": 0.5, ""hidden_channels"": 16, ""learning_rate"": 0.01, ""momentum"": 0.0, ""weight_decay"": 0.0005}",0.1357142857142857,0.118,0.128,0.0382837164983475,1.9441344738006592,47.179513142997166,20,200,0.03329467689928637,0.04175349768674633,322.828125,0.0,0.0,cpu,results/final/diagnostics/metadata/environment.json
final_fixed_cora_clean_diagnostics,c6cbaeb,2026-07-06T00:02:14.938811+00:00,Cora,fixed,clean_training_diagnostics,Adam,46,336247417,"{""dropout"": 0.5, ""hidden_channels"": 16, ""learning_rate"": 0.01, ""momentum"": 0.0, ""weight_decay"": 0.0005}",1.0,0.782,0.813,0.8006460093614033,0.3091425895690918,28.764523254998494,178,200,0.1347992341766251,0.12362922180818975,323.21875,0.0,0.0,cpu,results/final/diagnostics/metadata/environment.json
final_fixed_cora_clean_diagnostics,c6cbaeb,2026-07-06T00:02:44.276831+00:00,Cora,fixed,clean_training_diagnostics,AdamW,46,1602269711,"{""dropout"": 0.5, ""hidden_channels"": 16, ""learning_rate"": 0.01, ""momentum"": 0.0, ""weight_decay"": 0.0005}",1.0,0.768,0.779,0.7719725770511451,0.07190128415822983,27.96384364401456,93,200,0.04572267843539579,0.08343466666188498,322.84765625,0.0,0.0,cpu,results/final/diagnostics/metadata/environment.json
final_fixed_cora_clean_diagnostics,c6cbaeb,2026-07-06T00:03:12.755775+00:00,Cora,fixed,clean_training_diagnostics,RMSProp,46,902352264,"{""dropout"": 0.5, ""hidden_channels"": 16, ""learning_rate"": 0.01, ""momentum"": 0.0, ""weight_decay"": 0.0005}",1.0,0.794,0.809,0.7957908645006578,0.3041260540485382,23.921557956986362,49,200,0.3497641464810787,0.19665435290174532,322.98828125,0.0,0.0,cpu,results/final/diagnostics/metadata/environment.json
final_fixed_cora_clean_diagnostics,c6cbaeb,2026-07-06T00:03:37.267482+00:00,Cora,fixed,clean_training_diagnostics,AdaGrad,46,2058081485,"{""dropout"": 0.5, ""hidden_channels"": 16, ""learning_rate"": 0.01, ""momentum"": 0.0, ""weight_decay"": 0.0005}",0.9571428571428572,0.736,0.758,0.7618908625274682,1.450182318687439,16.705581067013554,177,200,0.10983203823691204,0.10320807508957767,323.44921875,0.0,0.0,cpu,results/final/diagnostics/metadata/environment.json
final_fixed_cora_clean_diagnostics,c6cbaeb,2026-07-06T00:03:54.656731+00:00,Cora,fixed,clean_training_diagnostics,SGD,46,1689305710,"{""dropout"": 0.5, ""hidden_channels"": 16, ""learning_rate"": 0.01, ""momentum"": 0.0, ""weight_decay"": 0.0005}",0.15714285714285714,0.082,0.095,0.059210755224633184,1.9448115825653076,31.299397091002902,31,200,0.02999968084632826,0.04147910147250663,323.5625,0.0,0.0,cpu,results/final/diagnostics/metadata/environment.json
final_fixed_cora_clean_diagnostics,c6cbaeb,2026-07-06T00:04:26.546099+00:00,Cora,fixed,clean_training_diagnostics,Adam,47,1917335415,"{""dropout"": 0.5, ""hidden_channels"": 16, ""learning_rate"": 0.01, ""momentum"": 0.0, ""weight_decay"": 0.0005}",0.9857142857142858,0.774,0.793,0.7920218767653047,0.3071243166923523,20.85400699498132,194,200,0.10962746483082542,0.12747061333376478,323.96484375,0.0,0.0,cpu,results/final/diagnostics/metadata/environment.json
final_fixed_cora_clean_diagnostics,c6cbaeb,2026-07-06T00:04:47.973571+00:00,Cora,fixed,clean_training_diagnostics,AdamW,47,661286387,"{""dropout"": 0.5, ""hidden_channels"": 16, ""learning_rate"": 0.01, ""momentum"": 0.0, ""weight_decay"": 0.0005}",1.0,0.778,0.795,0.785717135896569,0.051157593727111816,17.919014978018822,97,200,0.03103741016286412,0.08190874809771642,323.59765625,0.0,0.0,cpu,results/final/diagnostics/metadata/environment.json
final_fixed_cora_clean_diagnostics,c6cbaeb,2026-07-06T00:05:06.432338+00:00,Cora,fixed,clean_training_diagnostics,RMSProp,47,1118621762,"{""dropout"": 0.5, ""hidden_channels"": 16, ""learning_rate"": 0.01, ""momentum"": 0.0, ""weight_decay"": 0.0005}",1.0,0.794,0.797,0.7899629326261712,0.543269157409668,8.647851887973957,111,200,0.14493271358238421,0.19070410418099734,323.74609375,0.0,0.0,cpu,results/final/diagnostics/metadata/environment.json
final_fixed_cora_clean_diagnostics,c6cbaeb,2026-07-06T00:05:15.174929+00:00,Cora,fixed,clean_training_diagnostics,AdaGrad,47,1138970839,"{""dropout"": 0.5, ""hidden_channels"": 16, ""learning_rate"": 0.01, ""momentum"": 0.0, ""weight_decay"": 0.0005}",0.95,0.758,0.782,0.7780624227199324,1.434553623199463,3.426747992984019,193,200,0.11282170983537979,0.1019273070720585,324.13671875,0.0,0.0,cpu,results/final/diagnostics/metadata/environment.json
final_fixed_cora_clean_diagnostics,c6cbaeb,2026-07-06T00:05:18.700251+00:00,Cora,fixed,clean_training_diagnostics,SGD,47,310251618,"{""dropout"": 0.5, ""hidden_channels"": 16, ""learning_rate"": 0.01, ""momentum"": 0.0, ""weight_decay"": 0.0005}",0.1357142857142857,0.124,0.128,0.03692480122212648,1.9437999725341797,3.581272089999402,200,200,0.04669351486160986,0.04408618266816786,324.28515625,0.0,0.0,cpu,results/final/diagnostics/metadata/environment.json
final_fixed_cora_clean_diagnostics,c6cbaeb,2026-07-06T00:05:22.367883+00:00,Cora,fixed,clean_training_diagnostics,Adam,48,1439829893,"{""dropout"": 0.5, ""hidden_channels"": 16, ""learning_rate"": 0.01, ""momentum"": 0.0, ""weight_decay"": 0.0005}",1.0,0.802,0.815,0.80205597801001,0.3409680426120758,3.1797241090098396,174,200,0.15019717987423367,0.12852727505936723,324.6875,0.0,0.0,cpu,results/final/diagnostics/metadata/environment.json
final_fixed_cora_clean_diagnostics,c6cbaeb,2026-07-06T00:05:25.623696+00:00,Cora,fixed,clean_training_diagnostics,AdamW,48,1637850551,"{""dropout"": 0.5, ""hidden_channels"": 16, ""learning_rate"": 0.01, ""momentum"": 0.0, ""weight_decay"": 0.0005}",1.0,0.772,0.792,0.7908910065794437,0.03846152126789093,3.171738697012188,105,200,0.03125176724600525,0.08108245974717397,324.32421875,0.0,0.0,cpu,results/final/diagnostics/metadata/environment.json
final_fixed_cora_clean_diagnostics,c6cbaeb,2026-07-06T00:05:28.885406+00:00,Cora,fixed,clean_training_diagnostics,RMSProp,48,211967863,"{""dropout"": 0.5, ""hidden_channels"": 16, ""learning_rate"": 0.01, ""momentum"": 0.0, ""weight_decay"": 0.0005}",0.9928571428571429,0.79,0.813,0.79931192349398,0.3996182978153229,4.0680107600055635,194,200,0.24759721921383512,0.19399511493699728,324.46484375,0.0,0.0,cpu,results/final/diagnostics/metadata/environment.json
final_fixed_cora_clean_diagnostics,c6cbaeb,2026-07-06T00:05:33.041945+00:00,Cora,fixed,clean_training_diagnostics,AdaGrad,48,1608338667,"{""dropout"": 0.5, ""hidden_channels"": 16, ""learning_rate"": 0.01, ""momentum"": 0.0, ""weight_decay"": 0.0005}",0.9642857142857143,0.768,0.781,0.7655719797530687,1.4233174324035645,4.269843296002364,172,200,0.12124975293088025,0.10155396898078457,324.8671875,0.0,0.0,cpu,results/final/diagnostics/metadata/environment.json
final_fixed_cora_clean_diagnostics,c6cbaeb,2026-07-06T00:05:37.524693+00:00,Cora,fixed,clean_training_diagnostics,SGD,48,135901241,"{""dropout"": 0.5, ""hidden_channels"": 16, ""learning_rate"": 0.01, ""momentum"": 0.0, ""weight_decay"": 0.0005}",0.17142857142857143,0.136,0.131,0.08944216922746141,1.9437007904052734,4.480921840004157,16,200,0.056657343897248275,0.04230439067978673,325.0078125,0.0,0.0,cpu,results/final/diagnostics/metadata/environment.json
final_fixed_cora_clean_diagnostics,c6cbaeb,2026-07-06T00:05:42.082163+00:00,Cora,fixed,clean_training_diagnostics,Adam,49,1399633590,"{""dropout"": 0.5, ""hidden_channels"": 16, ""learning_rate"": 0.01, ""momentum"": 0.0, ""weight_decay"": 0.0005}",0.9928571428571429,0.786,0.799,0.7913770826767076,0.3162368834018707,3.169433107977966,175,200,0.144923423898568,0.1323894390720251,325.41015625,0.0,0.0,cpu,results/final/diagnostics/metadata/environment.json
final_fixed_cora_clean_diagnostics,c6cbaeb,2026-07-06T00:05:45.336941+00:00,Cora,fixed,clean_training_diagnostics,AdamW,49,766772427,"{""dropout"": 0.5, ""hidden_channels"": 16, ""learning_rate"": 0.01, ""momentum"": 0.0, ""weight_decay"": 0.0005}",1.0,0.764,0.786,0.7807442821362615,0.07197483628988266,3.2016966179944575,91,200,0.04896712908243205,0.08486912289500335,325.046875,0.0,0.0,cpu,results/final/diagnostics/metadata/environment.json
final_fixed_cora_clean_diagnostics,c6cbaeb,2026-07-06T00:05:48.613426+00:00,Cora,fixed,clean_training_diagnostics,RMSProp,49,1674495696,"{""dropout"": 0.5, ""hidden_channels"": 16, ""learning_rate"": 0.01, ""momentum"": 0.0, ""weight_decay"": 0.0005}",1.0,0.806,0.814,0.8036765380409465,0.35333481431007385,3.9884001089958474,134,200,0.13786047163475934,0.1879648112889715,325.1953125,0.0,0.0,cpu,results/final/diagnostics/metadata/environment.json
final_fixed_cora_clean_diagnostics,c6cbaeb,2026-07-06T00:05:52.689309+00:00,Cora,fixed,clean_training_diagnostics,AdaGrad,49,52914456,"{""dropout"": 0.5, ""hidden_channels"": 16, ""learning_rate"": 0.01, ""momentum"": 0.0, ""weight_decay"": 0.0005}",0.95,0.75,0.764,0.7623971179180958,1.3973981142044067,3.1950556520023383,186,200,0.12230055690397608,0.10470170903415169,325.58984375,0.0,0.0,cpu,results/final/diagnostics/metadata/environment.json
final_fixed_cora_clean_diagnostics,c6cbaeb,2026-07-06T00:05:55.969876+00:00,Cora,fixed,clean_training_diagnostics,SGD,49,1939792161,"{""dropout"": 0.5, ""hidden_channels"": 16, ""learning_rate"": 0.01, ""momentum"": 0.0, ""weight_decay"": 0.0005}",0.14285714285714285,0.16,0.147,0.038913299090290246,1.945125937461853,3.8248510870034806,6,200,0.024998033907047894,0.03708177840913319,325.734375,0.0,0.0,cpu,results/final/diagnostics/metadata/environment.json
final_fixed_cora_clean_diagnostics,c6cbaeb,2026-07-06T00:05:59.881285+00:00,Cora,fixed,clean_training_diagnostics,Adam,50,1340265929,"{""dropout"": 0.5, ""hidden_channels"": 16, ""learning_rate"": 0.01, ""momentum"": 0.0, ""weight_decay"": 0.0005}",1.0,0.794,0.818,0.807622650425272,0.3030436635017395,3.682424678001553,158,200,0.1184167848541832,0.12900248608089174,326.1328125,0.0,0.0,cpu,results/final/diagnostics/metadata/environment.json
final_fixed_cora_clean_diagnostics,c6cbaeb,2026-07-06T00:06:03.639892+00:00,Cora,fixed,clean_training_diagnostics,AdamW,50,490238910,"{""dropout"": 0.5, ""hidden_channels"": 16, ""learning_rate"": 0.01, ""momentum"": 0.0, ""weight_decay"": 0.0005}",1.0,0.768,0.783,0.7785319704660841,0.06645158678293228,3.2373266609793063,108,200,0.043369967381360196,0.08508367957286186,325.76953125,0.0,0.0,cpu,results/final/diagnostics/metadata/environment.json
final_fixed_cora_clean_diagnostics,c6cbaeb,2026-07-06T00:06:06.979124+00:00,Cora,fixed,clean_training_diagnostics,RMSProp,50,611467119,"{""dropout"": 0.5, ""hidden_channels"": 16, ""learning_rate"": 0.01, ""momentum"": 0.0, ""weight_decay"": 0.0005}",1.0,0.798,0.806,0.795537379249508,0.3275529742240906,3.9982266729930416,185,200,0.16353201507273274,0.18808499184423744,325.91796875,0.0,0.0,cpu,results/final/diagnostics/metadata/environment.json
final_fixed_cora_clean_diagnostics,c6cbaeb,2026-07-06T00:06:11.091123+00:00,Cora,fixed,clean_training_diagnostics,AdaGrad,50,688025171,"{""dropout"": 0.5, ""hidden_channels"": 16, ""learning_rate"": 0.01, ""momentum"": 0.0, ""weight_decay"": 0.0005}",0.9714285714285714,0.768,0.799,0.7857210741276897,1.4214906692504883,3.1205683869775385,181,200,0.1147659141641289,0.10788623245881973,326.31640625,0.0,0.0,cpu,results/final/diagnostics/metadata/environment.json
final_fixed_cora_clean_diagnostics,c6cbaeb,2026-07-06T00:06:14.302152+00:00,Cora,fixed,clean_training_diagnostics,SGD,50,1389075596,"{""dropout"": 0.5, ""hidden_channels"": 16, ""learning_rate"": 0.01, ""momentum"": 0.0, ""weight_decay"": 0.0005}",0.17142857142857143,0.124,0.119,0.10634508372488143,1.945349097251892,3.1095665680186357,153,200,0.05119102031766783,0.04515610572940447,326.46484375,0.0,0.0,cpu,results/final/diagnostics/metadata/environment.json
final_fixed_cora_clean_diagnostics,c6cbaeb,2026-07-06T00:06:17.484382+00:00,Cora,fixed,clean_training_diagnostics,Adam,51,938976529,"{""dropout"": 0.5, ""hidden_channels"": 16, ""learning_rate"": 0.01, ""momentum"": 0.0, ""weight_decay"": 0.0005}",0.9928571428571429,0.788,0.805,0.7943293173548727,0.2898953855037689,3.0935006689978763,130,200,0.13112314393404884,0.12464456384006299,326.859375,0.0,0.0,cpu,results/final/diagnostics/metadata/environment.json
final_fixed_cora_clean_diagnostics,c6cbaeb,2026-07-06T00:06:20.664272+00:00,Cora,fixed,clean_training_diagnostics,AdamW,51,1353945905,"{""dropout"": 0.5, ""hidden_channels"": 16, ""learning_rate"": 0.01, ""momentum"": 0.0, ""weight_decay"": 0.0005}",1.0,0.772,0.796,0.787289891715704,0.04998931661248207,3.212622191000264,116,200,0.04568807864566432,0.08009038948343386,326.49609375,0.0,0.0,cpu,results/final/diagnostics/metadata/environment.json
final_fixed_cora_clean_diagnostics,c6cbaeb,2026-07-06T00:06:23.951694+00:00,Cora,fixed,clean_training_diagnostics,RMSProp,51,1407383854,"{""dropout"": 0.5, ""hidden_channels"": 16, ""learning_rate"": 0.01, ""momentum"": 0.0, ""weight_decay"": 0.0005}",1.0,0.808,0.809,0.7944802833908432,0.3505764603614807,3.822916699020425,200,200,0.1584268554832243,0.19537902283833708,326.63671875,0.0,0.0,cpu,results/final/diagnostics/metadata/environment.json
final_fixed_cora_clean_diagnostics,c6cbaeb,2026-07-06T00:06:27.869300+00:00,Cora,fixed,clean_training_diagnostics,AdaGrad,51,88927143,"{""dropout"": 0.5, ""hidden_channels"": 16, ""learning_rate"": 0.01, ""momentum"": 0.0, ""weight_decay"": 0.0005}",0.9642857142857143,0.778,0.803,0.7882911111294036,1.4254002571105957,3.235716138005955,179,200,0.10465246217592772,0.10469217085111562,327.0390625,0.0,0.0,cpu,results/final/diagnostics/metadata/environment.json
final_fixed_cora_clean_diagnostics,c6cbaeb,2026-07-06T00:06:31.370566+00:00,Cora,fixed,clean_training_diagnostics,SGD,51,1449441154,"{""dropout"": 0.5, ""hidden_channels"": 16, ""learning_rate"": 0.01, ""momentum"": 0.0, ""weight_decay"": 0.0005}",0.14285714285714285,0.12,0.129,0.03282025187635161,1.9433543682098389,4.271942714985926,32,200,0.052430293477763935,0.04809797538567893,327.18359375,0.0,0.0,cpu,results/final/diagnostics/metadata/environment.json
