optimizer,learning_rate,weight_decay,momentum,seed,resolved_seed,validation_accuracy,validation_loss,best_validation_epoch,training_time_seconds,uses_test_split
Adam,0.001,0.0,0.0,42,1711156485,0.762,1.6792237758636475,185,2.6856513020175043,False
Adam,0.001,0.0,0.0,43,2032520770,0.748,1.6842256784439087,169,2.6367390159866773,False
Adam,0.001,0.0,0.0,44,2009633950,0.766,1.6729270219802856,176,2.6926726439851336,False
Adam,0.001,0.0005,0.0,42,1711156485,0.726,1.7356114387512207,199,2.618768300017109,False
Adam,0.001,0.0005,0.0,43,2032520770,0.758,1.7370636463165283,144,2.954584335006075,False
Adam,0.001,0.0005,0.0,44,2009633950,0.756,1.7385103702545166,163,2.6382373640080914,False
Adam,0.001,0.005,0.0,42,1711156485,0.52,1.9029086828231812,68,2.640021257015178,False
Adam,0.001,0.005,0.0,43,2032520770,0.62,1.9043747186660767,54,2.5983206189994235,False
Adam,0.001,0.005,0.0,44,2009633950,0.528,1.9092016220092773,47,2.630624713987345,False
Adam,0.003,0.0,0.0,42,1711156485,0.79,1.0233641862869263,183,2.629849931021454,False
Adam,0.003,0.0,0.0,43,2032520770,0.772,1.0162322521209717,136,2.659992613014765,False
Adam,0.003,0.0,0.0,44,2009633950,0.78,1.0341267585754395,140,3.3277394309989177,False
Adam,0.003,0.0005,0.0,42,1711156485,0.768,1.233201265335083,177,2.6184448419953696,False
Adam,0.003,0.0005,0.0,43,2032520770,0.786,1.2039787769317627,146,2.6201520010072272,False
Adam,0.003,0.0005,0.0,44,2009633950,0.782,1.2503833770751953,133,2.6403622820216697,False
Adam,0.003,0.005,0.0,42,1711156485,0.51,1.7761409282684326,33,2.669282185990596,False
Adam,0.003,0.005,0.0,43,2032520770,0.608,1.7812104225158691,53,2.636560493003344,False
Adam,0.003,0.005,0.0,44,2009633950,0.514,1.809495449066162,22,4.583261738996953,False
Adam,0.01,0.0,0.0,42,1711156485,0.78,0.7317853569984436,81,2.5924989570048638,False
Adam,0.01,0.0,0.0,43,2032520770,0.758,0.779163122177124,75,2.610188321006717,False
Adam,0.01,0.0,0.0,44,2009633950,0.788,0.7553716897964478,127,2.594155378988944,False
Adam,0.01,0.0005,0.0,42,1711156485,0.78,0.8348065614700317,142,2.6075583109923173,False
Adam,0.01,0.0005,0.0,43,2032520770,0.79,0.8075347542762756,127,2.658197824988747,False
Adam,0.01,0.0005,0.0,44,2009633950,0.79,0.8440634608268738,185,2.6418732440215535,False
Adam,0.01,0.005,0.0,42,1711156485,0.612,1.6089121103286743,180,3.371925185987493,False
Adam,0.01,0.005,0.0,43,2032520770,0.672,1.5926060676574707,165,2.8946279819938354,False
Adam,0.01,0.005,0.0,44,2009633950,0.574,1.6392520666122437,156,2.6445510900230147,False
Adam,0.03,0.0,0.0,42,1711156485,0.78,0.8762789368629456,84,2.6756903509958647,False
Adam,0.03,0.0,0.0,43,2032520770,0.754,1.0222821235656738,54,2.5968696500058286,False
Adam,0.03,0.0,0.0,44,2009633950,0.758,0.9528006911277771,45,2.5739283410075586,False
Adam,0.03,0.0005,0.0,42,1711156485,0.786,0.7412775158882141,100,2.638464264018694,False
Adam,0.03,0.0005,0.0,43,2032520770,0.794,0.7249642610549927,114,2.6524290989909787,False
Adam,0.03,0.0005,0.0,44,2009633950,0.796,0.7276663184165955,132,2.6543779839994386,False
Adam,0.03,0.005,0.0,42,1711156485,0.604,1.5873949527740479,125,2.6162247530010063,False
Adam,0.03,0.005,0.0,43,2032520770,0.616,1.5894906520843506,196,2.6180846389906947,False
Adam,0.03,0.005,0.0,44,2009633950,0.616,1.5674793720245361,171,2.6229230139870197,False
AdamW,0.001,0.0,0.0,42,939244910,0.784,1.6819372177124023,194,2.66002277698135,False
AdamW,0.001,0.0,0.0,43,374737321,0.768,1.6787620782852173,75,2.8445299020095263,False
AdamW,0.001,0.0,0.0,44,642800218,0.764,1.6987775564193726,184,3.2468147089821286,False
AdamW,0.001,0.0005,0.0,42,939244910,0.784,1.681958794593811,194,2.6181980170076713,False
AdamW,0.001,0.0005,0.0,43,374737321,0.768,1.6787807941436768,75,2.6657573810080066,False
AdamW,0.001,0.0005,0.0,44,642800218,0.764,1.6988030672073364,184,2.6807989569788333,False
AdamW,0.001,0.005,0.0,42,939244910,0.784,1.6822717189788818,196,2.6889680080057587,False
AdamW,0.001,0.005,0.0,43,374737321,0.768,1.6790660619735718,75,2.6299666150007397,False
AdamW,0.001,0.005,0.0,44,642800218,0.764,1.6991074085235596,183,2.671183350990759,False
AdamW,0.003,0.0,0.0,42,939244910,0.782,1.0118621587753296,77,2.772592072986299,False
AdamW,0.003,0.0,0.0,43,374737321,0.774,1.023633599281311,145,2.8158499659912195,False
AdamW,0.003,0.0,0.0,44,642800218,0.79,1.0188132524490356,170,3.167512425017776,False
AdamW,0.003,0.0005,0.0,42,939244910,0.782,1.012093186378479,77,2.7816902360063978,False
AdamW,0.003,0.0005,0.0,43,374737321,0.774,1.023866891860962,145,5.301550934993429,False
AdamW,0.003,0.0005,0.0,44,642800218,0.79,1.0190354585647583,170,3.6376257610099856,False
AdamW,0.003,0.005,0.0,42,939244910,0.782,1.0132274627685547,77,2.904069290991174,False
AdamW,0.003,0.005,0.0,43,374737321,0.774,1.024971604347229,145,2.8683156670012977,False
AdamW,0.003,0.005,0.0,44,642800218,0.79,1.0201479196548462,170,2.863228047004668,False
AdamW,0.01,0.0,0.0,42,939244910,0.77,0.766910970211029,48,2.832110390008893,False
AdamW,0.01,0.0,0.0,43,374737321,0.778,0.7378793954849243,94,2.8440786430146545,False
AdamW,0.01,0.0,0.0,44,642800218,0.772,0.7578122615814209,95,2.850175511004636,False
AdamW,0.01,0.0005,0.0,42,939244910,0.768,0.7670658826828003,48,2.9861549790075514,False
AdamW,0.01,0.0005,0.0,43,374737321,0.778,0.7378965616226196,94,3.4398334060097113,False
AdamW,0.01,0.0005,0.0,44,642800218,0.772,0.7582136988639832,94,2.888406035985099,False
AdamW,0.01,0.005,0.0,42,939244910,0.77,0.7667073011398315,48,2.9621379809977952,False
AdamW,0.01,0.005,0.0,43,374737321,0.778,0.7377194166183472,94,3.000380057026632,False
AdamW,0.01,0.005,0.0,44,642800218,0.772,0.7573461532592773,94,3.175632856989978,False
AdamW,0.03,0.0,0.0,42,939244910,0.772,0.9506509304046631,73,3.4563010440033395,False
AdamW,0.03,0.0,0.0,43,374737321,0.77,0.8600221276283264,49,2.9729725390207022,False
AdamW,0.03,0.0,0.0,44,642800218,0.768,0.9693584442138672,29,2.9233944049919955,False
AdamW,0.03,0.0005,0.0,42,939244910,0.772,0.9473786354064941,73,3.017062368016923,False
AdamW,0.03,0.0005,0.0,43,374737321,0.768,0.8552328944206238,49,3.1383739539887756,False
AdamW,0.03,0.0005,0.0,44,642800218,0.766,0.967507004737854,29,2.8626680680026766,False
AdamW,0.03,0.005,0.0,42,939244910,0.772,0.9375823736190796,73,2.9235460110066924,False
AdamW,0.03,0.005,0.0,43,374737321,0.77,0.8444461822509766,24,2.8671476960007567,False
AdamW,0.03,0.005,0.0,44,642800218,0.764,0.9491429924964905,29,2.871183460985776,False
RMSProp,0.001,0.0,0.0,42,1326751566,0.77,1.49248206615448,169,2.8560816590033937,False
RMSProp,0.001,0.0,0.0,43,326786782,0.79,1.4764500856399536,75,2.852222724992316,False
RMSProp,0.001,0.0,0.0,44,1907655278,0.754,1.481180191040039,192,3.0667031010088976,False
RMSProp,0.001,0.0005,0.0,42,1326751566,0.772,1.5896451473236084,197,3.4586482890008483,False
RMSProp,0.001,0.0005,0.0,43,326786782,0.794,1.5804308652877808,33,2.8367917069990654,False
RMSProp,0.001,0.0005,0.0,44,1907655278,0.74,1.5800232887268066,198,3.8729400289885234,False
RMSProp,0.001,0.005,0.0,42,1326751566,0.602,1.8744386434555054,45,4.561118165991502,False
RMSProp,0.001,0.005,0.0,43,326786782,0.526,1.8918732404708862,19,3.079911345994333,False
RMSProp,0.001,0.005,0.0,44,1907655278,0.52,1.8665471076965332,13,2.9371976960101165,False
RMSProp,0.003,0.0,0.0,42,1326751566,0.778,0.851201593875885,169,2.8000388159998693,False
RMSProp,0.003,0.0,0.0,43,326786782,0.786,0.8774128556251526,61,2.7282730030128732,False
RMSProp,0.003,0.0,0.0,44,1907655278,0.77,0.8841726779937744,175,2.8451532530016266,False
RMSProp,0.003,0.0005,0.0,42,1326751566,0.77,1.0941598415374756,53,3.1484098399814684,False
RMSProp,0.003,0.0005,0.0,43,326786782,0.78,1.1625949144363403,51,3.4923862520081457,False
RMSProp,0.003,0.0005,0.0,44,1907655278,0.79,1.1056640148162842,198,4.382071669999277,False
RMSProp,0.003,0.005,0.0,42,1326751566,0.584,1.7267266511917114,170,3.0147516390134115,False
RMSProp,0.003,0.005,0.0,43,326786782,0.524,1.7691999673843384,26,3.3001602689910214,False
RMSProp,0.003,0.005,0.0,44,1907655278,0.512,1.7462948560714722,5,3.346485260000918,False
RMSProp,0.01,0.0,0.0,42,1326751566,0.764,0.7434305548667908,21,2.7062061989854556,False
RMSProp,0.01,0.0,0.0,43,326786782,0.776,0.7787548899650574,61,2.764850355015369,False
RMSProp,0.01,0.0,0.0,44,1907655278,0.764,0.8151347041130066,21,2.6353696220030542,False
RMSProp,0.01,0.0005,0.0,42,1326751566,0.788,0.7819570899009705,12,3.131376437988365,False
RMSProp,0.01,0.0005,0.0,43,326786782,0.786,0.8090053200721741,43,3.2881049560091924,False
RMSProp,0.01,0.0005,0.0,44,1907655278,0.782,0.8082534670829773,49,3.26965152300545,False
RMSProp,0.01,0.005,0.0,42,1326751566,0.63,1.6320570707321167,186,3.0653311390196905,False
RMSProp,0.01,0.005,0.0,43,326786782,0.572,1.6392606496810913,198,3.7049056999967434,False
RMSProp,0.01,0.005,0.0,44,1907655278,0.532,1.637131929397583,172,3.0865701290022116,False
RMSProp,0.03,0.0,0.0,42,1326751566,0.778,0.8570118546485901,21,2.7085218080028426,False
RMSProp,0.03,0.0,0.0,43,326786782,0.774,0.9779134392738342,190,2.6691591790004168,False
RMSProp,0.03,0.0,0.0,44,1907655278,0.76,1.0110050439834595,21,2.6328827060060576,False
RMSProp,0.03,0.0005,0.0,42,1326751566,0.798,0.7057662010192871,49,3.428789325989783,False
RMSProp,0.03,0.0005,0.0,43,326786782,0.806,0.7328072190284729,57,3.3853121290158015,False
RMSProp,0.03,0.0005,0.0,44,1907655278,0.796,0.7493188381195068,76,3.7813284750154708,False
RMSProp,0.03,0.005,0.0,42,1326751566,0.448,1.7344748973846436,183,4.436675684002694,False
RMSProp,0.03,0.005,0.0,43,326786782,0.378,1.74794602394104,193,3.4820017780002672,False
RMSProp,0.03,0.005,0.0,44,1907655278,0.47,1.6520859003067017,151,3.3187045770173427,False
AdaGrad,0.001,0.0,0.0,42,529857315,0.62,1.9261456727981567,179,3.638817035011016,False
AdaGrad,0.001,0.0,0.0,43,947257833,0.716,1.9281225204467773,193,2.7158035349857528,False
AdaGrad,0.001,0.0,0.0,44,373367964,0.65,1.9278596639633179,198,2.7075046899844892,False
AdaGrad,0.001,0.0005,0.0,42,529857315,0.62,1.9291512966156006,163,2.7051342180056963,False
AdaGrad,0.001,0.0005,0.0,43,947257833,0.716,1.9303677082061768,198,2.6707790289947297,False
AdaGrad,0.001,0.0005,0.0,44,373367964,0.662,1.9299640655517578,187,2.7229435610061046,False
AdaGrad,0.001,0.005,0.0,42,529857315,0.578,1.9382675886154175,198,2.7083893819944933,False
AdaGrad,0.001,0.005,0.0,43,947257833,0.642,1.939234972000122,200,2.7113161779998336,False
AdaGrad,0.001,0.005,0.0,44,373367964,0.554,1.9391965866088867,185,2.6548893970029894,False
AdaGrad,0.003,0.0,0.0,42,529857315,0.69,1.8707786798477173,181,2.6800226559862494,False
AdaGrad,0.003,0.0,0.0,43,947257833,0.752,1.8793978691101074,115,2.655484554998111,False
AdaGrad,0.003,0.0,0.0,44,373367964,0.718,1.8778514862060547,150,2.7235256400017533,False
AdaGrad,0.003,0.0005,0.0,42,529857315,0.686,1.8820796012878418,164,2.756722905993229,False
AdaGrad,0.003,0.0005,0.0,43,947257833,0.742,1.889811635017395,151,3.387465161998989,False
AdaGrad,0.003,0.0005,0.0,44,373367964,0.718,1.888191819190979,137,3.1492657320050057,False
AdaGrad,0.003,0.005,0.0,42,529857315,0.604,1.9245446920394897,75,4.233837715990376,False
AdaGrad,0.003,0.005,0.0,43,947257833,0.648,1.9298655986785889,99,3.96618167302222,False
AdaGrad,0.003,0.005,0.0,44,373367964,0.58,1.927978277206421,95,3.5624079809931573,False
AdaGrad,0.01,0.0,0.0,42,529857315,0.748,1.5661962032318115,186,2.698934077983722,False
AdaGrad,0.01,0.0,0.0,43,947257833,0.784,1.5827159881591797,57,2.643187832989497,False
AdaGrad,0.01,0.0,0.0,44,373367964,0.764,1.5801019668579102,192,2.6779949930205476,False
AdaGrad,0.01,0.0005,0.0,42,529857315,0.738,1.6551746129989624,167,2.7374021190044004,False
AdaGrad,0.01,0.0005,0.0,43,947257833,0.746,1.6863154172897339,188,2.705626081005903,False
AdaGrad,0.01,0.0005,0.0,44,373367964,0.754,1.665286660194397,188,2.8016031279985327,False
AdaGrad,0.01,0.005,0.0,42,529857315,0.552,1.8845728635787964,23,2.8192197490134276,False
AdaGrad,0.01,0.005,0.0,43,947257833,0.502,1.8978886604309082,13,2.7888303119980264,False
AdaGrad,0.01,0.005,0.0,44,373367964,0.5,1.8966689109802246,8,2.897622671996942,False
AdaGrad,0.03,0.0,0.0,42,529857315,0.792,0.9400987029075623,116,2.844342697993852,False
AdaGrad,0.03,0.0,0.0,43,947257833,0.778,0.9686523675918579,146,3.565135643002577,False
AdaGrad,0.03,0.0,0.0,44,373367964,0.788,0.9467621445655823,135,2.7194549470150378,False
AdaGrad,0.03,0.0005,0.0,42,529857315,0.78,1.2034900188446045,199,2.8221415269945282,False
AdaGrad,0.03,0.0005,0.0,43,947257833,0.79,1.1758182048797607,196,2.8739289329969324,False
AdaGrad,0.03,0.0005,0.0,44,373367964,0.782,1.2544214725494385,116,3.070046028995421,False
AdaGrad,0.03,0.005,0.0,42,529857315,0.522,1.8048850297927856,183,3.380456429993501,False
AdaGrad,0.03,0.005,0.0,43,947257833,0.498,1.8173202276229858,26,3.392166564008221,False
AdaGrad,0.03,0.005,0.0,44,373367964,0.492,1.8072398900985718,14,3.786072890012292,False
SGD,0.001,0.0,0.0,42,814859128,0.286,1.9436657428741455,1,2.653849366994109,False
SGD,0.001,0.0,0.0,43,1017605040,0.15,1.945481538772583,5,2.6268968129879795,False
SGD,0.001,0.0,0.0,44,1001620071,0.116,1.94597589969635,42,2.754358364007203,False
SGD,0.001,0.0,0.9,42,814859128,0.242,1.9426873922348022,1,2.743020499998238,False
SGD,0.001,0.0,0.9,43,1017605040,0.088,1.9455047845840454,2,3.4972807799931616,False
SGD,0.001,0.0,0.9,44,1001620071,0.056,1.9460155963897705,1,2.6698400280147325,False
SGD,0.001,0.0005,0.0,42,814859128,0.286,1.9436663389205933,1,2.6359628250065725,False
SGD,0.001,0.0005,0.0,43,1017605040,0.15,1.945481538772583,5,2.680170632986119,False
SGD,0.001,0.0005,0.0,44,1001620071,0.116,1.9459757804870605,42,2.7194730660121422,False
SGD,0.001,0.0005,0.9,42,814859128,0.242,1.942691683769226,1,2.696547700994415,False
SGD,0.001,0.0005,0.9,43,1017605040,0.088,1.9455053806304932,2,2.69010263500968,False
SGD,0.001,0.0005,0.9,44,1001620071,0.056,1.946014404296875,1,4.197529567987658,False
SGD,0.001,0.005,0.0,42,814859128,0.286,1.9436701536178589,1,3.569655094004702,False
SGD,0.001,0.005,0.0,43,1017605040,0.15,1.9454823732376099,5,2.7534284760185983,False
SGD,0.001,0.005,0.0,44,1001620071,0.116,1.945975661277771,42,2.760837937006727,False
SGD,0.001,0.005,0.9,42,814859128,0.242,1.9427434206008911,1,2.659193781990325,False
SGD,0.001,0.005,0.9,43,1017605040,0.088,1.9455145597457886,2,3.523151940025855,False
SGD,0.001,0.005,0.9,44,1001620071,0.056,1.9460140466690063,1,2.7940402420063037,False
SGD,0.003,0.0,0.0,42,814859128,0.28,1.9432469606399536,98,2.624698466999689,False
SGD,0.003,0.0,0.0,43,1017605040,0.12,1.945564866065979,1,2.9655963580007665,False
SGD,0.003,0.0,0.0,44,1001620071,0.1,1.9457520246505737,12,2.661897157988278,False
SGD,0.003,0.0,0.9,42,814859128,0.236,1.942244291305542,4,2.8307017250044737,False
SGD,0.003,0.0,0.9,43,1017605040,0.13,1.9438236951828003,1,2.6727081959834322,False
SGD,0.003,0.0,0.9,44,1001620071,0.064,1.9464216232299805,1,2.597460471006343,False
SGD,0.003,0.0005,0.0,42,814859128,0.28,1.9432485103607178,98,2.686065134999808,False
SGD,0.003,0.0005,0.0,43,1017605040,0.12,1.9455652236938477,1,2.6967636799963657,False
SGD,0.003,0.0005,0.0,44,1001620071,0.1,1.9457520246505737,12,2.7617204879934434,False
SGD,0.003,0.0005,0.9,42,814859128,0.234,1.942231297492981,4,2.7007281679834705,False
SGD,0.003,0.0005,0.9,43,1017605040,0.128,1.943835735321045,1,2.6315620859968476,False
SGD,0.003,0.0005,0.9,44,1001620071,0.064,1.9464173316955566,1,3.4899795269884635,False
SGD,0.003,0.005,0.0,42,814859128,0.28,1.9432628154754639,98,2.7181314209883567,False
SGD,0.003,0.005,0.0,43,1017605040,0.12,1.945566177368164,1,3.1283020440023392,False
SGD,0.003,0.005,0.0,44,1001620071,0.1,1.9457526206970215,12,2.6586684069770854,False
SGD,0.003,0.005,0.9,42,814859128,0.234,1.9424294233322144,4,2.662332467996748,False
SGD,0.003,0.005,0.9,43,1017605040,0.124,1.9439564943313599,1,2.6890756899956614,False
SGD,0.003,0.005,0.9,44,1001620071,0.064,1.9463860988616943,1,2.7321431369928177,False
SGD,0.01,0.0,0.0,42,814859128,0.246,1.942686915397644,29,2.679893913998967,False
SGD,0.01,0.0,0.0,43,1017605040,0.088,1.945419192314148,1,2.670858268014854,False
SGD,0.01,0.0,0.0,44,1001620071,0.056,1.9459717273712158,1,2.6923385669942945,False
SGD,0.01,0.0,0.9,42,814859128,0.33,1.9407198429107666,161,2.8125369290064555,False
SGD,0.01,0.0,0.9,43,1017605040,0.212,1.9400620460510254,200,3.014792612986639,False
SGD,0.01,0.0,0.9,44,1001620071,0.178,1.9460774660110474,200,2.703722539008595,False
SGD,0.01,0.0005,0.0,42,814859128,0.246,1.9426935911178589,29,5.826845167001011,False
SGD,0.01,0.0005,0.0,43,1017605040,0.088,1.9454209804534912,1,3.0251958700246178,False
SGD,0.01,0.0005,0.0,44,1001620071,0.056,1.9459716081619263,1,2.6512559260008857,False
SGD,0.01,0.0005,0.9,42,814859128,0.326,1.9408560991287231,161,2.682483485987177,False
SGD,0.01,0.0005,0.9,43,1017605040,0.23,1.9398287534713745,200,2.766990689007798,False
SGD,0.01,0.0005,0.9,44,1001620071,0.178,1.9461112022399902,200,2.6998677890223917,False
SGD,0.01,0.005,0.0,42,814859128,0.246,1.9427493810653687,29,2.6352637649979442,False
SGD,0.01,0.005,0.0,43,1017605040,0.088,1.9454345703125,1,2.6750171490130015,False
SGD,0.01,0.005,0.0,44,1001620071,0.056,1.9459686279296875,1,2.714327247987967,False
SGD,0.01,0.005,0.9,42,814859128,0.324,1.9416625499725342,198,2.767467195983045,False
SGD,0.01,0.005,0.9,43,1017605040,0.22,1.9406449794769287,200,2.855371785000898,False
SGD,0.01,0.005,0.9,44,1001620071,0.176,1.9462205171585083,200,2.7130682519928087,False
SGD,0.03,0.0,0.0,42,814859128,0.236,1.9419035911560059,18,2.9245425359986257,False
SGD,0.03,0.0,0.0,43,1017605040,0.132,1.9437214136123657,1,3.3284202500071842,False
SGD,0.03,0.0,0.0,44,1001620071,0.066,1.9464207887649536,1,2.6955562089860905,False
SGD,0.03,0.0,0.9,42,814859128,0.306,1.9347575902938843,29,2.7348465510003734,False
SGD,0.03,0.0,0.9,43,1017605040,0.224,1.933671236038208,166,2.6618563270021696,False
SGD,0.03,0.0,0.9,44,1001620071,0.426,1.9321712255477905,200,2.742320440011099,False
SGD,0.03,0.0005,0.0,42,814859128,0.236,1.9419270753860474,18,3.0494542490050662,False
SGD,0.03,0.0005,0.0,43,1017605040,0.132,1.94373619556427,1,2.7757615669979714,False
SGD,0.03,0.0005,0.0,44,1001620071,0.066,1.94642174243927,1,2.746293223986868,False
SGD,0.03,0.0005,0.9,42,814859128,0.304,1.9354732036590576,29,2.7039357429894153,False
SGD,0.03,0.0005,0.9,43,1017605040,0.228,1.9342143535614014,166,2.640383216988994,False
SGD,0.03,0.0005,0.9,44,1001620071,0.422,1.9326688051223755,200,2.66508336699917,False
SGD,0.03,0.005,0.0,42,814859128,0.232,1.9421643018722534,18,2.7867821069958154,False
SGD,0.03,0.005,0.0,43,1017605040,0.116,1.9440431594848633,1,3.6013579560094513,False
SGD,0.03,0.005,0.0,44,1001620071,0.066,1.9464030265808105,1,2.741622424015077,False
SGD,0.03,0.005,0.9,42,814859128,0.268,1.9392240047454834,16,2.7278793079894967,False
SGD,0.03,0.005,0.9,43,1017605040,0.228,1.9381604194641113,166,2.6184250509832054,False
SGD,0.03,0.005,0.9,44,1001620071,0.364,1.9374265670776367,200,2.7026415939908475,False
